,Phrase,Review,Count
0,assassin creed shadow,ButWhyTho,30
1,assassin creed shadow,CGMagazine,13
2,assassin creed shadow,Checkpoint,6
3,assassin creed shadow,CNET,6
4,assassin creed shadow,COG,9
5,assassin creed shadow,ComicBook,8
6,assassin creed shadow,Creative Bloq,7
7,assassin creed shadow,Dexerto,8
8,assassin creed shadow,Digital Trends,15
9,assassin creed shadow,digitalchumps,6
10,assassin creed shadow,DigitalSpy,1
11,assassin creed shadow,DualShockers,8
12,assassin creed shadow,Eurogamer,6
13,assassin creed shadow,Finger Guns,7
14,assassin creed shadow,Game Informer,2
15,assassin creed shadow,Game8,9
16,assassin creed shadow,Gamecritics,1
17,assassin creed shadow,GameGrin,3
18,assassin creed shadow,gamepressure,8
19,assassin creed shadow,Gamer Escape,2
20,assassin creed shadow,GameRant,35
21,assassin creed shadow,Gamereactor,6
22,assassin creed shadow,Gamers Heroes,6
23,assassin creed shadow,GamesHub,9
24,assassin creed shadow,GameSpew,13
25,assassin creed shadow,GameSpot,4
26,assassin creed shadow,GamesRadar,10
27,assassin creed shadow,Gaming Age,6
28,assassin creed shadow,GamingBible,9
29,assassin creed shadow,GamingBolt,19
30,assassin creed shadow,GamingTrend,10
31,assassin creed shadow,HardcoreGamer,20
32,assassin creed shadow,Hey Poor Player,5
33,assassin creed shadow,Hooked Gamers,7
34,assassin creed shadow,IGN,2
35,assassin creed shadow,Impulse Gamer,3
36,assassin creed shadow,Inverse,4
37,assassin creed shadow,Kotaku,6
38,assassin creed shadow,Loot Level Chill,4
39,assassin creed shadow,Metro News,6
40,assassin creed shadow,Movies Games and Tech,2
41,assassin creed shadow,New Game Network,3
42,assassin creed shadow,nme,4
43,assassin creed shadow,NoisyPixel,9
44,assassin creed shadow,Order of the Template,5
45,assassin creed shadow,PC Gamer,7
46,assassin creed shadow,PCGamesN,5
47,assassin creed shadow,Player2,2
48,assassin creed shadow,PlayStation LifeStyle,5
49,assassin creed shadow,PlayStation Universe,5
50,assassin creed shadow,Polygon,4
51,assassin creed shadow,Push Square,4
52,assassin creed shadow,Radio Times,5
53,assassin creed shadow,Ragequit,1
54,assassin creed shadow,Rock Paper Shotgun,2
55,assassin creed shadow,RPG Site,11
56,assassin creed shadow,RPGFan,13
57,assassin creed shadow,ScreenRant,19
58,assassin creed shadow,Shacknews,7
59,assassin creed shadow,Siliconera,16
60,assassin creed shadow,slant,3
61,assassin creed shadow,Softpedia,8
62,assassin creed shadow,Stevivor,10
63,assassin creed shadow,TechRadar,12
64,assassin creed shadow,The Guardian,4
65,assassin creed shadow,The Verge,4
66,assassin creed shadow,TheEscapist,16
67,assassin creed shadow,TheGamer,7
68,assassin creed shadow,TheSixthAxis,8
69,assassin creed shadow,TheXboxHub,7
70,assassin creed shadow,TrueAchievments,7
71,assassin creed shadow,Twinfinite,12
72,assassin creed shadow,VG247,3
73,assassin creed shadow,VGC,7
74,assassin creed shadow,VideoGamer,4
75,assassin creed shadow,wccftech,22
76,assassin creed shadow,Well Played,2
77,assassin creed shadow,wgtc,2
78,assassin creed shadow,Windows Central,28
79,assassin creed shadow,Worthplaying PC,2
80,assassin creed shadow,Worthplaying,1
81,assassin creed shadow,Xbox Tavern,2
82,assassin creed shadow,XboxAchievements,3
83,assassin creed shadow,XboxEra,5
84,assassin creed shadow,ZTGD,6
85,creed shadow review,ButWhyTho,1
86,creed shadow review,Checkpoint,1
87,creed shadow review,COG,1
88,creed shadow review,ComicBook,1
89,creed shadow review,Creative Bloq,2
90,creed shadow review,Dexerto,1
91,creed shadow review,Digital Trends,1
92,creed shadow review,DualShockers,1
93,creed shadow review,Eurogamer,1
94,creed shadow review,Finger Guns,1
95,creed shadow review,Game Informer,1
96,creed shadow review,Game8,1
97,creed shadow review,gamepressure,1
98,creed shadow review,Gamers Heroes,1
99,creed shadow review,GamesHub,1
100,creed shadow review,GameSpew,1
101,creed shadow review,GameSpot,1
102,creed shadow review,GamesRadar,2
103,creed shadow review,GamingBible,1
104,creed shadow review,GamingBolt,1
105,creed shadow review,GamingTrend,1
106,creed shadow review,Kotaku,1
107,creed shadow review,Metro News,1
108,creed shadow review,nme,1
109,creed shadow review,NoisyPixel,2
110,creed shadow review,Order of the Template,1
111,creed shadow review,PCGamesN,1
112,creed shadow review,Player2,2
113,creed shadow review,PlayStation LifeStyle,1
114,creed shadow review,PlayStation Universe,1
115,creed shadow review,RPG Site,1
116,creed shadow review,ScreenRant,2
117,creed shadow review,Shacknews,1
118,creed shadow review,slant,2
119,creed shadow review,Stevivor,1
120,creed shadow review,TechRadar,1
121,creed shadow review,The Guardian,1
122,creed shadow review,The Verge,1
123,creed shadow review,TheGamer,1
124,creed shadow review,TrueAchievments,2
125,creed shadow review,Twinfinite,1
126,creed shadow review,VG247,1
127,creed shadow review,VGC,1
128,creed shadow review,wccftech,1
129,ubisoft assassin creed,ButWhyTho,1
130,ubisoft assassin creed,Digital Trends,1
131,ubisoft assassin creed,DualShockers,1
132,ubisoft assassin creed,Gamecritics,1
133,ubisoft assassin creed,Inverse,1
134,ubisoft assassin creed,Metro News,1
135,ubisoft assassin creed,New Game Network,1
136,ubisoft assassin creed,Radio Times,1
137,ubisoft assassin creed,ScreenRant,1
138,ubisoft assassin creed,slant,1
139,ubisoft assassin creed,TheEscapist,1
140,ubisoft assassin creed,wccftech,1
141,ubisoft assassin creed,Windows Central,1
142,creed shadow bring,ButWhyTho,1
143,creed shadow bring,COG,1
144,creed shadow bring,Gamers Heroes,1
145,creed shadow bring,Metro News,1
146,creed shadow bring,New Game Network,1
147,creed shadow bring,The Verge,1
148,player late 16th,ButWhyTho,1
149,player late 16th,wccftech,1
150,late 16th century,ButWhyTho,1
151,late 16th century,COG,1
152,late 16th century,GamingBolt,1
153,late 16th century,PCGamesN,1
154,late 16th century,Twinfinite,1
155,late 16th century,wccftech,2
156,16th century japan,ButWhyTho,1
157,16th century japan,Creative Bloq,1
158,16th century japan,Digital Trends,1
159,16th century japan,digitalchumps,1
160,16th century japan,Finger Guns,1
161,16th century japan,GameSpew,1
162,16th century japan,GameSpot,4
163,16th century japan,GamingBible,1
164,16th century japan,GamingBolt,1
165,16th century japan,Kotaku,1
166,16th century japan,Metro News,2
167,16th century japan,nme,1
168,16th century japan,PC Gamer,1
169,16th century japan,PCGamesN,2
170,16th century japan,PlayStation LifeStyle,1
171,16th century japan,Push Square,1
172,16th century japan,Rock Paper Shotgun,1
173,16th century japan,Siliconera,1
174,16th century japan,TheEscapist,1
175,16th century japan,Twinfinite,1
176,16th century japan,wccftech,1
177,16th century japan,Worthplaying PC,1
178,massive open world,ButWhyTho,1
179,massive open world,Dexerto,1
180,massive open world,Gamereactor,1
181,massive open world,Inverse,1
182,massive open world,Kotaku,1
183,massive open world,PlayStation Universe,1
184,massive open world,slant,1
185,massive open world,Stevivor,1
186,massive open world,TrueAchievments,1
187,open world rpg,ButWhyTho,5
188,open world rpg,COG,1
189,open world rpg,DualShockers,1
190,open world rpg,Finger Guns,2
191,open world rpg,Game Informer,1
192,open world rpg,GameRant,1
193,open world rpg,GamingBible,2
194,open world rpg,Impulse Gamer,2
195,open world rpg,Kotaku,2
196,open world rpg,PlayStation Universe,1
197,open world rpg,Polygon,1
198,open world rpg,Push Square,2
199,open world rpg,Stevivor,3
200,open world rpg,TechRadar,1
201,open world rpg,wccftech,1
202,since assassin creed,ButWhyTho,1
203,since assassin creed,CNET,1
204,since assassin creed,ComicBook,1
205,since assassin creed,DigitalSpy,1
206,since assassin creed,GamesRadar,2
207,since assassin creed,HardcoreGamer,1
208,since assassin creed,Hey Poor Player,1
209,since assassin creed,PlayStation Universe,1
210,since assassin creed,Polygon,1
211,since assassin creed,TrueAchievments,1
212,assassin creed valhalla,ButWhyTho,1
213,assassin creed valhalla,CNET,1
214,assassin creed valhalla,Digital Trends,1
215,assassin creed valhalla,Game Informer,1
216,assassin creed valhalla,Gamecritics,1
217,assassin creed valhalla,GameRant,2
218,assassin creed valhalla,Gamereactor,1
219,assassin creed valhalla,GamesRadar,1
220,assassin creed valhalla,GamingBible,1
221,assassin creed valhalla,GamingBolt,1
222,assassin creed valhalla,GamingTrend,1
223,assassin creed valhalla,IGN,1
224,assassin creed valhalla,Inverse,1
225,assassin creed valhalla,Push Square,2
226,assassin creed valhalla,Siliconera,1
227,assassin creed valhalla,TechRadar,1
228,assassin creed valhalla,TrueAchievments,2
229,assassin creed valhalla,VGC,1
230,assassin creed valhalla,wccftech,3
231,assassin creed valhalla,wgtc,1
232,assassin creed valhalla,Windows Central,2
233,new assassin creed,ButWhyTho,1
234,new assassin creed,Checkpoint,1
235,new assassin creed,digitalchumps,1
236,new assassin creed,Finger Guns,1
237,new assassin creed,gamepressure,1
238,new assassin creed,Gamers Heroes,1
239,new assassin creed,Hooked Gamers,1
240,new assassin creed,Inverse,1
241,new assassin creed,Kotaku,2
242,new assassin creed,PCGamesN,1
243,new assassin creed,ScreenRant,1
244,creed shadow split,ButWhyTho,1
245,creed shadow split,GamesRadar,1
246,long time fan,ButWhyTho,1
247,long time fan,Finger Guns,1
248,long time fan,GameGrin,1
249,long time fan,GameSpot,1
250,long time fan,Impulse Gamer,1
251,long time fan,TechRadar,1
252,franchise assassin creed,ButWhyTho,3
253,franchise assassin creed,CNET,1
254,franchise assassin creed,Game8,1
255,franchise assassin creed,GameRant,1
256,franchise assassin creed,Gamers Heroes,1
257,franchise assassin creed,GamingBolt,1
258,franchise assassin creed,The Verge,1
259,assassin creed syndicate,ButWhyTho,1
260,assassin creed syndicate,DigitalSpy,1
261,assassin creed syndicate,GameRant,1
262,assassin creed syndicate,GamesHub,1
263,assassin creed syndicate,GamingBolt,3
264,assassin creed syndicate,HardcoreGamer,1
265,assassin creed syndicate,Inverse,1
266,assassin creed syndicate,New Game Network,1
267,assassin creed syndicate,Player2,1
268,assassin creed syndicate,PlayStation Universe,1
269,assassin creed syndicate,Push Square,1
270,assassin creed syndicate,RPG Site,1
271,assassin creed syndicate,TechRadar,1
272,assassin creed syndicate,The Verge,1
273,assassin creed syndicate,TrueAchievments,1
274,assassin creed mirage,ButWhyTho,1
275,assassin creed mirage,CGMagazine,1
276,assassin creed mirage,Checkpoint,1
277,assassin creed mirage,Creative Bloq,1
278,assassin creed mirage,Eurogamer,1
279,assassin creed mirage,Gamereactor,1
280,assassin creed mirage,GameSpew,1
281,assassin creed mirage,IGN,2
282,assassin creed mirage,Inverse,1
283,assassin creed mirage,Loot Level Chill,1
284,assassin creed mirage,New Game Network,1
285,assassin creed mirage,Push Square,1
286,assassin creed mirage,Siliconera,1
287,assassin creed mirage,Softpedia,1
288,assassin creed mirage,The Verge,1
289,assassin creed mirage,wccftech,1
290,assassin creed mirage,Well Played,1
291,assassin creed mirage,Windows Central,1
292,world rpg formula,ButWhyTho,1
293,world rpg formula,GamingBible,1
294,world rpg formula,Stevivor,1
295,world rpg formula,wccftech,1
296,creed shadow buckle,ButWhyTho,1
297,creed shadow buckle,GamingBolt,1
298,dual protagonist help,ButWhyTho,1
299,dual protagonist help,The Guardian,1
300,open world gameplay,ButWhyTho,1
301,open world gameplay,GameRant,2
302,open world gameplay,wccftech,1
303,exploration assassin creed,ButWhyTho,1
304,exploration assassin creed,gamepressure,1
305,creed shadow continue,ButWhyTho,1
306,creed shadow continue,GameRant,1
307,come assassin creed,ButWhyTho,1
308,come assassin creed,Siliconera,1
309,come assassin creed,TheGamer,1
310,assassin creed game,ButWhyTho,6
311,assassin creed game,CGMagazine,3
312,assassin creed game,ComicBook,1
313,assassin creed game,Creative Bloq,1
314,assassin creed game,Dexerto,2
315,assassin creed game,Digital Trends,4
316,assassin creed game,digitalchumps,5
317,assassin creed game,DigitalSpy,1
318,assassin creed game,Game Informer,3
319,assassin creed game,Game8,3
320,assassin creed game,gamepressure,2
321,assassin creed game,GameRant,8
322,assassin creed game,Gamereactor,4
323,assassin creed game,Gamers Heroes,1
324,assassin creed game,GamesHub,1
325,assassin creed game,GameSpew,3
326,assassin creed game,GameSpot,4
327,assassin creed game,GamingBible,7
328,assassin creed game,GamingBolt,7
329,assassin creed game,GamingTrend,5
330,assassin creed game,HardcoreGamer,6
331,assassin creed game,Hey Poor Player,1
332,assassin creed game,Impulse Gamer,1
333,assassin creed game,irish_independent,1
334,assassin creed game,Kotaku,6
335,assassin creed game,nme,3
336,assassin creed game,PCGamesN,2
337,assassin creed game,PlayStation Universe,6
338,assassin creed game,Polygon,4
339,assassin creed game,Push Square,2
340,assassin creed game,RPG Site,2
341,assassin creed game,RPGFan,2
342,assassin creed game,ScreenRant,1
343,assassin creed game,Shacknews,1
344,assassin creed game,Siliconera,2
345,assassin creed game,Softpedia,2
346,assassin creed game,Stevivor,2
347,assassin creed game,TechRadar,3
348,assassin creed game,The Verge,1
349,assassin creed game,TheEscapist,3
350,assassin creed game,TheSixthAxis,1
351,assassin creed game,TheXboxHub,1
352,assassin creed game,TrueAchievments,2
353,assassin creed game,Twinfinite,3
354,assassin creed game,VG247,2
355,assassin creed game,VGC,3
356,assassin creed game,wccftech,1
357,assassin creed game,wgtc,3
358,assassin creed game,Windows Central,4
359,assassin creed game,Xbox Tavern,2
360,assassin creed game,XboxAchievements,1
361,assassin creed game,ZTGD,2
362,assassin creed story,ButWhyTho,1
363,assassin creed story,ComicBook,1
364,assassin creed story,DigitalSpy,1
365,assassin creed story,Game8,1
366,assassin creed story,PlayStation Universe,1
367,assassin creed story,XboxAchievements,1
368,creed shadow begin,ButWhyTho,1
369,creed shadow begin,Order of the Template,1
370,creed shadow begin,TheXboxHub,1
371,protagonist naoe yasuke,ButWhyTho,1
372,protagonist naoe yasuke,Checkpoint,1
373,protagonist naoe yasuke,Dexerto,1
374,protagonist naoe yasuke,Gamecritics,1
375,protagonist naoe yasuke,Movies Games and Tech,1
376,protagonist naoe yasuke,Push Square,1
377,protagonist naoe yasuke,RPGFan,1
378,protagonist naoe yasuke,TheEscapist,1
379,protagonist naoe yasuke,ZTGD,1
380,naoe yasuke build,ButWhyTho,1
381,naoe yasuke build,Kotaku,1
382,dozen upon dozen,ButWhyTho,1
383,dozen upon dozen,GamingBolt,1
384,standard assassin creed,ButWhyTho,1
385,standard assassin creed,XboxAchievements,1
386,make clear quest,ButWhyTho,1
387,make clear quest,TrueAchievments,1
388,previous assassin creed,ButWhyTho,2
389,previous assassin creed,DualShockers,1
390,previous assassin creed,gamepressure,1
391,previous assassin creed,PlayStation Universe,1
392,previous assassin creed,Ragequit,1
393,previous assassin creed,The Verge,1
394,previous assassin creed,Xbox Tavern,1
395,creed shadow especially,ButWhyTho,1
396,creed shadow especially,Siliconera,1
397,naoe yasuke individual,ButWhyTho,1
398,naoe yasuke individual,Order of the Template,1
399,naoe yasuke individual,TheEscapist,1
400,yasuke individual journey,ButWhyTho,1
401,yasuke individual journey,TheEscapist,1
402,creed shadow lot,ButWhyTho,1
403,creed shadow lot,HardcoreGamer,1
404,creed shadow lot,ZTGD,1
405,become fully playable,ButWhyTho,1
406,become fully playable,Loot Level Chill,1
407,side quest play,ButWhyTho,1
408,side quest play,Stevivor,1
409,high level enemy,ButWhyTho,1
410,high level enemy,Worthplaying,1
411,skill point assign,ButWhyTho,1
412,skill point assign,Hooked Gamers,1
413,point unlock new,ButWhyTho,1
414,point unlock new,Metro News,1
415,point unlock new,wccftech,1
416,tool like shuriken,ButWhyTho,1
417,tool like shuriken,GamingBible,1
418,skill point level,ButWhyTho,1
419,skill point level,NoisyPixel,1
420,creed shadow high,ButWhyTho,1
421,creed shadow high,GameRant,1
422,naoe yasuke gameplay,ButWhyTho,1
423,naoe yasuke gameplay,XboxAchievements,1
424,different assassin creed,ButWhyTho,1
425,different assassin creed,Kotaku,1
426,creed shadow good,ButWhyTho,1
427,creed shadow good,COG,1
428,prefer play yasuke,ButWhyTho,1
429,prefer play yasuke,Checkpoint,1
430,prefer play yasuke,COG,1
431,naoe eagle vision,ButWhyTho,1
432,naoe eagle vision,PlayStation Universe,1
433,naoe eagle vision,ScreenRant,1
434,new weapon armor,ButWhyTho,1
435,new weapon armor,Movies Games and Tech,1
436,new weapon armor,TrueAchievments,1
437,fast travel point,ButWhyTho,2
438,fast travel point,Gamers Heroes,1
439,fast travel point,Inverse,1
440,fast travel point,New Game Network,1
441,fast travel point,TheGamer,1
442,fast travel point,Twinfinite,1
443,fast travel point,VideoGamer,1
444,fast travel point,XboxEra,1
445,switch character time,ButWhyTho,1
446,switch character time,Hey Poor Player,1
447,switch character time,Hooked Gamers,1
448,whether play naoe,ButWhyTho,1
449,whether play naoe,GameRant,1
450,play naoe yasuke,ButWhyTho,1
451,play naoe yasuke,GameRant,1
452,play naoe yasuke,Worthplaying,1
453,player prefer play,ButWhyTho,1
454,player prefer play,Kotaku,1
455,character level together,ButWhyTho,1
456,character level together,TrueAchievments,1
457,play one character,ButWhyTho,1
458,play one character,GamesHub,1
459,play one character,Inverse,3
460,new canon mode,ButWhyTho,1
461,new canon mode,Stevivor,1
462,cycle assassin creed,ButWhyTho,1
463,cycle assassin creed,Twinfinite,1
464,creed shadow might,ButWhyTho,1
465,creed shadow might,CNET,1
466,creed shadow might,RPG Site,1
467,light heavy attack,ButWhyTho,2
468,light heavy attack,Digital Trends,1
469,light heavy attack,digitalchumps,1
470,light heavy attack,GamingBolt,1
471,light heavy attack,The Verge,1
472,heavy attack block,ButWhyTho,1
473,heavy attack block,Digital Trends,1
474,heavy attack block,PC Gamer,1
475,attack block parry,ButWhyTho,1
476,attack block parry,PC Gamer,1
477,attack block parry,PlayStation LifeStyle,1
478,block parry dodge,ButWhyTho,1
479,block parry dodge,Worthplaying,1
480,posture attack break,ButWhyTho,1
481,posture attack break,wccftech,1
482,deal extra damage,ButWhyTho,1
483,deal extra damage,gamepressure,1
484,attack red unblockable,ButWhyTho,1
485,attack red unblockable,Ragequit,1
486,red unblockable attack,ButWhyTho,1
487,red unblockable attack,Push Square,1
488,assassin creed could,ButWhyTho,1
489,assassin creed could,digitalchumps,1
490,assassin creed could,IGN,1
491,good assassin creed,ButWhyTho,1
492,good assassin creed,Player2,1
493,good assassin creed,PlayStation Universe,1
494,good assassin creed,ScreenRant,1
495,good assassin creed,Siliconera,1
496,good assassin creed,VGC,1
497,good assassin creed,XboxAchievements,1
498,good assassin creed,ZTGD,1
499,reload last checkpoint,ButWhyTho,1
500,reload last checkpoint,XboxEra,1
501,feel like much,ButWhyTho,1
502,feel like much,TrueAchievments,1
503,creed shadow game,ButWhyTho,1
504,creed shadow game,DualShockers,2
505,creed shadow game,gamepressure,1
506,creed shadow game,RPG Site,1
507,creed shadow game,TheSixthAxis,1
508,creed shadow game,VGC,1
509,creed shadow game,XboxAchievements,1
510,try first place,ButWhyTho,1
511,try first place,PlayStation Universe,1
512,still feel like,ButWhyTho,1
513,still feel like,Inverse,1
514,still feel like,Worthplaying PC,1
515,element assassin creed,ButWhyTho,1
516,element assassin creed,Windows Central,1
517,creed shadow need,ButWhyTho,1
518,creed shadow need,Gamereactor,1
519,30 40 hour,ButWhyTho,1
520,30 40 hour,GamesRadar,1
521,40 hour complete,ButWhyTho,1
522,40 hour complete,GameRant,2
523,hour complete main,ButWhyTho,1
524,hour complete main,PC Gamer,1
525,world assassin creed,ButWhyTho,2
526,world assassin creed,CGMagazine,1
527,world assassin creed,Dexerto,1
528,world assassin creed,digitalchumps,1
529,world assassin creed,DualShockers,1
530,world assassin creed,GamesRadar,1
531,world assassin creed,GamingTrend,1
532,world assassin creed,Loot Level Chill,1
533,world assassin creed,Rock Paper Shotgun,1
534,world assassin creed,Shacknews,1
535,world assassin creed,Siliconera,1
536,world assassin creed,Softpedia,1
537,world assassin creed,Stevivor,2
538,world assassin creed,TheGamer,2
539,world assassin creed,TheSixthAxis,1
540,world assassin creed,TheXboxHub,1
541,creed shadow beautiful,ButWhyTho,1
542,creed shadow beautiful,HardcoreGamer,1
543,creed shadow beautiful,Inverse,1
544,like classic assassin,ButWhyTho,1
545,like classic assassin,Impulse Gamer,1
546,classic assassin creed,ButWhyTho,1
547,classic assassin creed,Dexerto,2
548,classic assassin creed,Game8,3
549,classic assassin creed,GameRant,2
550,classic assassin creed,GamingBible,1
551,classic assassin creed,GamingBolt,1
552,classic assassin creed,IGN,1
553,classic assassin creed,Impulse Gamer,1
554,classic assassin creed,Movies Games and Tech,1
555,classic assassin creed,slant,1
556,classic assassin creed,Worthplaying,1
557,assassin creed fashion,ButWhyTho,1
558,assassin creed fashion,Movies Games and Tech,1
559,always fast travel,ButWhyTho,1
560,always fast travel,Digital Trends,1
561,place refill supply,ButWhyTho,1
562,place refill supply,Gamereactor,1
563,creed shadow take,ButWhyTho,1
564,creed shadow take,CNET,1
565,creed shadow take,DigitalSpy,1
566,creed shadow take,Finger Guns,1
567,creed shadow take,GameRant,1
568,creed shadow take,HardcoreGamer,1
569,creed shadow take,IGN,1
570,creed shadow take,Polygon,1
571,creed shadow take,TheGamer,1
572,creed shadow take,ZTGD,1
573,creed shadow feature,ButWhyTho,1
574,creed shadow feature,Dexerto,1
575,creed shadow feature,Game8,1
576,creed shadow feature,GameRant,1
577,creed shadow feature,GameSpew,1
578,creed shadow feature,ScreenRant,1
579,reach objective marker,ButWhyTho,1
580,reach objective marker,GameRant,1
581,want get stick,ButWhyTho,1
582,want get stick,GamingBible,1
583,long wind road,ButWhyTho,1
584,long wind road,Checkpoint,1
585,previous game make,ButWhyTho,1
586,previous game make,PlayStation Universe,1
587,time feel like,ButWhyTho,1
588,time feel like,Siliconera,1
589,worth assassin creed,ButWhyTho,1
590,worth assassin creed,Hey Poor Player,1
591,worth assassin creed,TheSixthAxis,1
592,home base hideout,ButWhyTho,1
593,home base hideout,PlayStation Universe,1
594,fully customizable hideout,ButWhyTho,1
595,fully customizable hideout,HardcoreGamer,1
596,in game season,ButWhyTho,1
597,in game season,GameSpot,1
598,in game season,TheGamer,1
599,in game season,VG247,1
600,season season change,ButWhyTho,1
601,season season change,XboxEra,1
602,season change certain,ButWhyTho,1
603,season change certain,GameGrin,1
604,character naoe yasuke,ButWhyTho,1
605,character naoe yasuke,GamesHub,1
606,character naoe yasuke,PlayStation Universe,1
607,character naoe yasuke,wccftech,1
608,naoe yasuke like,ButWhyTho,1
609,naoe yasuke like,Dexerto,1
610,naoe yasuke like,VG247,1
611,upgrade weapon armor,ButWhyTho,1
612,upgrade weapon armor,gamepressure,1
613,upgrade weapon armor,Shacknews,1
614,spend time customize,ButWhyTho,1
615,spend time customize,TheEscapist,1
616,time customize hideout,ButWhyTho,1
617,time customize hideout,TheEscapist,1
618,fun play even,ButWhyTho,1
619,fun play even,Inverse,1
620,creed shadow enjoyable,ButWhyTho,1
621,creed shadow enjoyable,wccftech,1
622,play assassin creed,ButWhyTho,1
623,play assassin creed,CNET,1
624,play assassin creed,digitalchumps,1
625,play assassin creed,Eurogamer,1
626,play assassin creed,Game Informer,1
627,play assassin creed,Game8,1
628,play assassin creed,gamepressure,2
629,play assassin creed,Gamer Escape,1
630,play assassin creed,GameSpew,1
631,play assassin creed,GameSpot,1
632,play assassin creed,HardcoreGamer,1
633,play assassin creed,Hey Poor Player,1
634,play assassin creed,Kotaku,1
635,play assassin creed,Metro News,1
636,play assassin creed,Order of the Template,1
637,play assassin creed,Ragequit,1
638,play assassin creed,ScreenRant,1
639,play assassin creed,Softpedia,1
640,play assassin creed,TechRadar,4
641,play assassin creed,Twinfinite,1
642,creed shadow really,ButWhyTho,1
643,creed shadow really,Gamer Escape,1
644,creed shadow really,Radio Times,1
645,world rpg assassin,ButWhyTho,1
646,world rpg assassin,Kotaku,1
647,world rpg assassin,Push Square,1
648,rpg assassin creed,ButWhyTho,1
649,rpg assassin creed,Finger Guns,1
650,rpg assassin creed,Kotaku,2
651,rpg assassin creed,PlayStation Universe,2
652,rpg assassin creed,Push Square,1
653,rpg assassin creed,RPGFan,1
654,creed game yet,ButWhyTho,1
655,creed game yet,Digital Trends,1
656,creed game yet,GameSpew,1
657,creed game yet,nme,1
658,creed game yet,PlayStation Universe,1
659,creed game yet,Siliconera,1
660,much variety gameplay,ButWhyTho,1
661,much variety gameplay,Xbox Tavern,1
662,provide assassin creed,ButWhyTho,1
663,provide assassin creed,Gaming Age,1
664,creed shadow available,ButWhyTho,1
665,creed shadow available,PlayStation Universe,1
666,assassin creed shadow review,ButWhyTho,1
667,assassin creed shadow review,Checkpoint,1
668,assassin creed shadow review,COG,1
669,assassin creed shadow review,ComicBook,1
670,assassin creed shadow review,Creative Bloq,2
671,assassin creed shadow review,Dexerto,1
672,assassin creed shadow review,Digital Trends,1
673,assassin creed shadow review,DualShockers,1
674,assassin creed shadow review,Eurogamer,1
675,assassin creed shadow review,Finger Guns,1
676,assassin creed shadow review,Game Informer,1
677,assassin creed shadow review,Game8,1
678,assassin creed shadow review,gamepressure,1
679,assassin creed shadow review,Gamers Heroes,1
680,assassin creed shadow review,GamesHub,1
681,assassin creed shadow review,GameSpew,1
682,assassin creed shadow review,GameSpot,1
683,assassin creed shadow review,GamesRadar,1
684,assassin creed shadow review,GamingBible,1
685,assassin creed shadow review,GamingBolt,1
686,assassin creed shadow review,GamingTrend,1
687,assassin creed shadow review,Kotaku,1
688,assassin creed shadow review,Metro News,1
689,assassin creed shadow review,nme,1
690,assassin creed shadow review,NoisyPixel,2
691,assassin creed shadow review,Order of the Template,1
692,assassin creed shadow review,PCGamesN,1
693,assassin creed shadow review,Player2,2
694,assassin creed shadow review,PlayStation LifeStyle,1
695,assassin creed shadow review,PlayStation Universe,1
696,assassin creed shadow review,RPG Site,1
697,assassin creed shadow review,ScreenRant,2
698,assassin creed shadow review,Shacknews,1
699,assassin creed shadow review,slant,2
700,assassin creed shadow review,Stevivor,1
701,assassin creed shadow review,TechRadar,1
702,assassin creed shadow review,The Guardian,1
703,assassin creed shadow review,The Verge,1
704,assassin creed shadow review,TheGamer,1
705,assassin creed shadow review,TrueAchievments,2
706,assassin creed shadow review,Twinfinite,1
707,assassin creed shadow review,VG247,1
708,assassin creed shadow review,VGC,1
709,assassin creed shadow review,wccftech,1
710,ubisoft assassin creed shadow,ButWhyTho,1
711,ubisoft assassin creed shadow,Digital Trends,1
712,ubisoft assassin creed shadow,DualShockers,1
713,ubisoft assassin creed shadow,Inverse,1
714,ubisoft assassin creed shadow,Metro News,1
715,ubisoft assassin creed shadow,Radio Times,1
716,ubisoft assassin creed shadow,ScreenRant,1
717,ubisoft assassin creed shadow,slant,1
718,ubisoft assassin creed shadow,wccftech,1
719,ubisoft assassin creed shadow,Windows Central,1
720,assassin creed shadow bring,ButWhyTho,1
721,assassin creed shadow bring,COG,1
722,assassin creed shadow bring,Gamers Heroes,1
723,assassin creed shadow bring,Metro News,1
724,assassin creed shadow bring,New Game Network,1
725,assassin creed shadow bring,The Verge,1
726,player late 16th century,ButWhyTho,1
727,player late 16th century,wccftech,1
728,late 16th century japan,ButWhyTho,1
729,late 16th century japan,GamingBolt,1
730,late 16th century japan,Twinfinite,1
731,late 16th century japan,wccftech,1
732,massive open world rpg,ButWhyTho,1
733,massive open world rpg,PlayStation Universe,1
734,massive open world rpg,Stevivor,1
735,assassin creed shadow split,ButWhyTho,1
736,assassin creed shadow split,GamesRadar,1
737,franchise assassin creed shadow,ButWhyTho,2
738,franchise assassin creed shadow,Game8,1
739,franchise assassin creed shadow,Gamers Heroes,1
740,franchise assassin creed shadow,The Verge,1
741,open world rpg formula,ButWhyTho,1
742,open world rpg formula,GamingBible,1
743,open world rpg formula,Stevivor,1
744,open world rpg formula,wccftech,1
745,assassin creed shadow buckle,ButWhyTho,1
746,assassin creed shadow buckle,GamingBolt,1
747,exploration assassin creed shadow,ButWhyTho,1
748,exploration assassin creed shadow,gamepressure,1
749,assassin creed shadow continue,ButWhyTho,1
750,assassin creed shadow continue,GameRant,1
751,assassin creed shadow begin,ButWhyTho,1
752,assassin creed shadow begin,Order of the Template,1
753,assassin creed shadow begin,TheXboxHub,1
754,previous assassin creed game,ButWhyTho,2
755,previous assassin creed game,gamepressure,1
756,previous assassin creed game,The Verge,1
757,previous assassin creed game,Xbox Tavern,1
758,assassin creed shadow especially,ButWhyTho,1
759,assassin creed shadow especially,Siliconera,1
760,naoe yasuke individual journey,ButWhyTho,1
761,naoe yasuke individual journey,TheEscapist,1
762,assassin creed shadow lot,ButWhyTho,1
763,assassin creed shadow lot,HardcoreGamer,1
764,assassin creed shadow lot,ZTGD,1
765,assassin creed shadow high,ButWhyTho,1
766,assassin creed shadow high,GameRant,1
767,assassin creed shadow good,ButWhyTho,1
768,assassin creed shadow good,COG,1
769,whether play naoe yasuke,ButWhyTho,1
770,whether play naoe yasuke,GameRant,1
771,cycle assassin creed shadow,ButWhyTho,1
772,cycle assassin creed shadow,Twinfinite,1
773,assassin creed shadow might,ButWhyTho,1
774,assassin creed shadow might,CNET,1
775,assassin creed shadow might,RPG Site,1
776,light heavy attack block,ButWhyTho,1
777,light heavy attack block,Digital Trends,1
778,heavy attack block parry,ButWhyTho,1
779,heavy attack block parry,PC Gamer,1
780,good assassin creed shadow,ButWhyTho,1
781,good assassin creed shadow,ScreenRant,1
782,good assassin creed shadow,Siliconera,1
783,good assassin creed shadow,VGC,1
784,good assassin creed shadow,ZTGD,1
785,assassin creed shadow game,ButWhyTho,1
786,assassin creed shadow game,DualShockers,2
787,assassin creed shadow game,gamepressure,1
788,assassin creed shadow game,RPG Site,1
789,assassin creed shadow game,TheSixthAxis,1
790,assassin creed shadow game,VGC,1
791,assassin creed shadow game,XboxAchievements,1
792,element assassin creed shadow,ButWhyTho,1
793,element assassin creed shadow,Windows Central,1
794,assassin creed shadow need,ButWhyTho,1
795,assassin creed shadow need,Gamereactor,1
796,world assassin creed shadow,ButWhyTho,1
797,world assassin creed shadow,CGMagazine,1
798,world assassin creed shadow,Dexerto,1
799,world assassin creed shadow,GamingTrend,1
800,world assassin creed shadow,Loot Level Chill,1
801,world assassin creed shadow,Siliconera,1
802,world assassin creed shadow,Stevivor,1
803,world assassin creed shadow,TheSixthAxis,1
804,assassin creed shadow beautiful,ButWhyTho,1
805,assassin creed shadow beautiful,HardcoreGamer,1
806,assassin creed shadow beautiful,Inverse,1
807,like classic assassin creed,ButWhyTho,1
808,like classic assassin creed,Impulse Gamer,1
809,classic assassin creed fashion,ButWhyTho,1
810,classic assassin creed fashion,Movies Games and Tech,1
811,assassin creed shadow take,ButWhyTho,1
812,assassin creed shadow take,CNET,1
813,assassin creed shadow take,DigitalSpy,1
814,assassin creed shadow take,Finger Guns,1
815,assassin creed shadow take,GameRant,1
816,assassin creed shadow take,HardcoreGamer,1
817,assassin creed shadow take,IGN,1
818,assassin creed shadow take,Polygon,1
819,assassin creed shadow take,TheGamer,1
820,assassin creed shadow take,ZTGD,1
821,assassin creed shadow feature,ButWhyTho,1
822,assassin creed shadow feature,Dexerto,1
823,assassin creed shadow feature,Game8,1
824,assassin creed shadow feature,GameRant,1
825,assassin creed shadow feature,GameSpew,1
826,assassin creed shadow feature,ScreenRant,1
827,worth assassin creed shadow,ButWhyTho,1
828,worth assassin creed shadow,Hey Poor Player,1
829,worth assassin creed shadow,TheSixthAxis,1
830,spend time customize hideout,ButWhyTho,1
831,spend time customize hideout,TheEscapist,1
832,assassin creed shadow enjoyable,ButWhyTho,1
833,assassin creed shadow enjoyable,wccftech,1
834,play assassin creed shadow,ButWhyTho,1
835,play assassin creed shadow,gamepressure,1
836,play assassin creed shadow,GameSpew,1
837,play assassin creed shadow,HardcoreGamer,1
838,play assassin creed shadow,Hey Poor Player,1
839,play assassin creed shadow,ScreenRant,1
840,play assassin creed shadow,Softpedia,1
841,play assassin creed shadow,TechRadar,4
842,assassin creed shadow really,ButWhyTho,1
843,assassin creed shadow really,Gamer Escape,1
844,assassin creed shadow really,Radio Times,1
845,open world rpg assassin,ButWhyTho,1
846,open world rpg assassin,Kotaku,1
847,open world rpg assassin,Push Square,1
848,world rpg assassin creed,ButWhyTho,1
849,world rpg assassin creed,Kotaku,1
850,world rpg assassin creed,Push Square,1
851,rpg assassin creed game,ButWhyTho,1
852,rpg assassin creed game,Kotaku,1
853,rpg assassin creed game,PlayStation Universe,2
854,rpg assassin creed game,Push Square,1
855,rpg assassin creed game,RPGFan,1
856,assassin creed game yet,ButWhyTho,1
857,assassin creed game yet,Digital Trends,1
858,assassin creed game yet,GameSpew,1
859,assassin creed game yet,nme,1
860,assassin creed game yet,PlayStation Universe,1
861,assassin creed game yet,Siliconera,1
862,provide assassin creed shadow,ButWhyTho,1
863,provide assassin creed shadow,Gaming Age,1
864,assassin creed shadow available,ButWhyTho,1
865,assassin creed shadow available,PlayStation Universe,1
866,open world rpg assassin creed,ButWhyTho,1
867,open world rpg assassin creed,Kotaku,1
868,open world rpg assassin creed,Push Square,1
869,world rpg assassin creed game,ButWhyTho,1
870,world rpg assassin creed game,Push Square,1
871,long awaited adventure,CGMagazine,1
872,long awaited adventure,Game Informer,1
873,assassin creed long,CGMagazine,1
874,assassin creed long,RPG Site,1
875,assassin creed long,TheXboxHub,1
876,nearly 20 year,CGMagazine,1
877,nearly 20 year,ComicBook,1
878,nearly 20 year,PlayStation LifeStyle,1
879,beloved ezio trilogy,CGMagazine,1
880,beloved ezio trilogy,Inverse,1
881,japan assassin creed,CGMagazine,2
882,japan assassin creed,Creative Bloq,1
883,japan assassin creed,GameRant,1
884,japan assassin creed,GameSpew,1
885,japan assassin creed,GamingBible,1
886,japan assassin creed,GamingBolt,1
887,japan assassin creed,HardcoreGamer,1
888,japan assassin creed,IGN,1
889,japan assassin creed,Metro News,2
890,japan assassin creed,PlayStation Universe,1
891,japan assassin creed,RPG Site,1
892,japan assassin creed,TheEscapist,1
893,japan assassin creed,TheSixthAxis,1
894,japan assassin creed,TheXboxHub,1
895,japan assassin creed,TrueAchievments,1
896,set 1500s japan,CGMagazine,1
897,set 1500s japan,DigitalSpy,1
898,set feudal japan,CGMagazine,1
899,set feudal japan,COG,1
900,set feudal japan,Creative Bloq,2
901,set feudal japan,DualShockers,1
902,set feudal japan,Finger Guns,1
903,set feudal japan,Gamecritics,1
904,set feudal japan,GameRant,1
905,set feudal japan,GamingBolt,1
906,set feudal japan,HardcoreGamer,1
907,set feudal japan,Hey Poor Player,1
908,set feudal japan,Kotaku,1
909,set feudal japan,Radio Times,1
910,set feudal japan,Siliconera,1
911,set feudal japan,TheSixthAxis,1
912,set feudal japan,TrueAchievments,1
913,set feudal japan,wccftech,1
914,set feudal japan,wgtc,1
915,set feudal japan,XboxAchievements,1
916,feudal japan 1579,CGMagazine,1
917,feudal japan 1579,Shacknews,1
918,creed shadow follow,CGMagazine,1
919,creed shadow follow,GamesRadar,1
920,creed shadow follow,VGC,1
921,shadow follow two,CGMagazine,1
922,shadow follow two,GamesRadar,1
923,follow two protagonist,CGMagazine,1
924,follow two protagonist,GamesRadar,1
925,bring together common,CGMagazine,1
926,bring together common,GameRant,1
927,naoe female shinobi,CGMagazine,1
928,naoe female shinobi,CNET,1
929,naoe female shinobi,slant,1
930,path assassin creed,CGMagazine,2
931,path assassin creed,GamesHub,1
932,creed shadow absolute,CGMagazine,2
933,creed shadow absolute,GameSpot,1
934,creed shadow absolute,Loot Level Chill,1
935,shadow absolute blast,CGMagazine,2
936,shadow absolute blast,GameSpot,1
937,case assassin creed,CGMagazine,1
938,case assassin creed,Order of the Template,1
939,case assassin creed,wccftech,1
940,creed shadow yasuke,CGMagazine,1
941,creed shadow yasuke,RPGFan,1
942,creed shadow yasuke,Softpedia,1
943,often feel like,CGMagazine,1
944,often feel like,PlayStation LifeStyle,1
945,feel like naoe,CGMagazine,1
946,feel like naoe,Siliconera,1
947,story assassin creed,CGMagazine,1
948,story assassin creed,gamepressure,2
949,story assassin creed,HardcoreGamer,2
950,story assassin creed,Order of the Template,1
951,story assassin creed,Siliconera,1
952,story assassin creed,wccftech,2
953,story assassin creed,XboxEra,1
954,creed shadow open,CGMagazine,1
955,creed shadow open,ComicBook,1
956,creed shadow open,Game8,1
957,creed shadow open,GameRant,1
958,creed shadow open,Inverse,1
959,creed shadow open,TheXboxHub,1
960,back half game,CGMagazine,1
961,back half game,Inverse,1
962,creed shadow much,CGMagazine,1
963,creed shadow much,CNET,1
964,creed shadow much,digitalchumps,1
965,much like assassin,CGMagazine,1
966,much like assassin,DualShockers,1
967,much like assassin,GameSpot,1
968,like assassin creed,CGMagazine,1
969,like assassin creed,Checkpoint,1
970,like assassin creed,Eurogamer,1
971,like assassin creed,Finger Guns,1
972,like assassin creed,Game8,2
973,like assassin creed,GameGrin,1
974,like assassin creed,GameRant,1
975,like assassin creed,Gamereactor,1
976,like assassin creed,GameSpew,1
977,like assassin creed,GameSpot,2
978,like assassin creed,GamingBible,1
979,like assassin creed,GamingBolt,1
980,like assassin creed,Inverse,1
981,like assassin creed,Metro News,1
982,like assassin creed,NoisyPixel,1
983,like assassin creed,PC Gamer,1
984,like assassin creed,Push Square,2
985,like assassin creed,Siliconera,1
986,like assassin creed,Softpedia,1
987,like assassin creed,TechRadar,2
988,like assassin creed,TheSixthAxis,1
989,like assassin creed,TrueAchievments,2
990,like assassin creed,Well Played,1
991,like assassin creed,wgtc,1
992,like assassin creed,Windows Central,1
993,gameplay assassin creed,CGMagazine,2
994,gameplay assassin creed,TechRadar,1
995,gameplay assassin creed,Windows Central,1
996,creed shadow one,CGMagazine,2
997,creed shadow one,Creative Bloq,1
998,creed shadow one,Dexerto,2
999,creed shadow one,gamepressure,2
1000,creed shadow one,GameRant,1
1001,creed shadow one,GamingBible,1
1002,creed shadow one,Siliconera,1
1003,creed shadow one,wccftech,1
1004,creed shadow one,Windows Central,3
1005,almost feel like,CGMagazine,1
1006,almost feel like,Digital Trends,2
1007,almost feel like,Push Square,1
1008,feel like ubisoft,CGMagazine,1
1009,feel like ubisoft,CNET,1
1010,feel like ubisoft,COG,1
1011,feel like ubisoft,GamingBible,1
1012,feel like ubisoft,Impulse Gamer,1
1013,feel like ubisoft,RPGFan,1
1014,feel like ubisoft,VG247,2
1015,modern day storyline,CGMagazine,1
1016,modern day storyline,Eurogamer,1
1017,modern day storyline,New Game Network,1
1018,modern day storyline,TheEscapist,1
1019,like previous assassin,CGMagazine,1
1020,like previous assassin,Xbox Tavern,1
1021,series big change,CGMagazine,1
1022,series big change,digitalchumps,1
1023,yasuke tank like,CGMagazine,1
1024,yasuke tank like,DigitalSpy,1
1025,yasuke tank like,TheGamer,1
1026,aspect assassin creed,CGMagazine,1
1027,aspect assassin creed,Inverse,1
1028,aspect assassin creed,RPGFan,1
1029,system assassin creed,CGMagazine,1
1030,system assassin creed,Game8,1
1031,system assassin creed,GamesRadar,1
1032,assassin creed iii,CGMagazine,1
1033,assassin creed iii,digitalchumps,1
1034,assassin creed iii,GameSpot,1
1035,creed shadow absolutely,CGMagazine,1
1036,creed shadow absolutely,GamingBolt,1
1037,dynamic weather system,CGMagazine,1
1038,dynamic weather system,NoisyPixel,1
1039,dynamic weather system,PlayStation Universe,1
1040,course assassin creed,CGMagazine,1
1041,course assassin creed,Loot Level Chill,1
1042,combat exploration make,CGMagazine,1
1043,combat exploration make,TechRadar,1
1044,feudal japan assassin,CGMagazine,1
1045,feudal japan assassin,Creative Bloq,1
1046,feudal japan assassin,GameRant,1
1047,feudal japan assassin,GamingBible,1
1048,feudal japan assassin,HardcoreGamer,1
1049,feudal japan assassin,IGN,1
1050,feudal japan assassin,TheEscapist,1
1051,feudal japan assassin,TheSixthAxis,1
1052,feudal japan assassin,TrueAchievments,1
1053,assassin creed experience,CGMagazine,1
1054,assassin creed experience,Game8,2
1055,assassin creed experience,Gamereactor,1
1056,assassin creed experience,GamingBible,1
1057,assassin creed experience,NoisyPixel,1
1058,assassin creed experience,Order of the Template,1
1059,assassin creed experience,TechRadar,1
1060,assassin creed experience,wccftech,2
1061,assassin creed experience,Worthplaying,1
1062,one best entry,CGMagazine,1
1063,one best entry,wccftech,1
1064,creed shadow ubisoft,CGMagazine,1
1065,creed shadow ubisoft,CNET,1
1066,creed shadow ubisoft,Loot Level Chill,1
1067,creed shadow ubisoft,ScreenRant,1
1068,creed shadow ubisoft,Windows Central,1
1069,creed shadow ubisoft,Xbox Tavern,1
1070,shadow ubisoft finally,CGMagazine,1
1071,shadow ubisoft finally,Xbox Tavern,1
1072,ubisoft finally deliver,CGMagazine,1
1073,ubisoft finally deliver,Hey Poor Player,1
1074,feudal japan set,CGMagazine,1
1075,feudal japan set,RPGFan,1
1076,feudal japan set,TechRadar,1
1077,feudal japan set,TheGamer,1
1078,feudal japan set,TheSixthAxis,1
1079,feudal japan set,Well Played,1
1080,japan set fan,CGMagazine,1
1081,japan set fan,TheGamer,1
1082,japan assassin creed shadow,CGMagazine,1
1083,japan assassin creed shadow,Creative Bloq,1
1084,japan assassin creed shadow,GameSpew,1
1085,japan assassin creed shadow,GamingBolt,1
1086,japan assassin creed shadow,HardcoreGamer,1
1087,japan assassin creed shadow,IGN,1
1088,japan assassin creed shadow,Metro News,1
1089,japan assassin creed shadow,PlayStation Universe,1
1090,japan assassin creed shadow,RPG Site,1
1091,japan assassin creed shadow,TheEscapist,1
1092,japan assassin creed shadow,TheSixthAxis,1
1093,japan assassin creed shadow,TrueAchievments,1
1094,assassin creed shadow follow,CGMagazine,1
1095,assassin creed shadow follow,GamesRadar,1
1096,assassin creed shadow follow,VGC,1
1097,creed shadow follow two,CGMagazine,1
1098,creed shadow follow two,GamesRadar,1
1099,shadow follow two protagonist,CGMagazine,1
1100,shadow follow two protagonist,GamesRadar,1
1101,path assassin creed shadow,CGMagazine,2
1102,path assassin creed shadow,GamesHub,1
1103,assassin creed shadow absolute,CGMagazine,2
1104,assassin creed shadow absolute,GameSpot,1
1105,assassin creed shadow absolute,Loot Level Chill,1
1106,creed shadow absolute blast,CGMagazine,2
1107,creed shadow absolute blast,GameSpot,1
1108,case assassin creed shadow,CGMagazine,1
1109,case assassin creed shadow,Order of the Template,1
1110,case assassin creed shadow,wccftech,1
1111,assassin creed shadow yasuke,CGMagazine,1
1112,assassin creed shadow yasuke,RPGFan,1
1113,assassin creed shadow yasuke,Softpedia,1
1114,story assassin creed shadow,CGMagazine,1
1115,story assassin creed shadow,gamepressure,2
1116,story assassin creed shadow,HardcoreGamer,2
1117,story assassin creed shadow,Siliconera,1
1118,story assassin creed shadow,wccftech,2
1119,story assassin creed shadow,XboxEra,1
1120,assassin creed shadow open,CGMagazine,1
1121,assassin creed shadow open,ComicBook,1
1122,assassin creed shadow open,Game8,1
1123,assassin creed shadow open,GameRant,1
1124,assassin creed shadow open,Inverse,1
1125,assassin creed shadow open,TheXboxHub,1
1126,assassin creed shadow much,CGMagazine,1
1127,assassin creed shadow much,CNET,1
1128,assassin creed shadow much,digitalchumps,1
1129,much like assassin creed,CGMagazine,1
1130,much like assassin creed,GameSpot,1
1131,like assassin creed mirage,CGMagazine,1
1132,like assassin creed mirage,Inverse,1
1133,assassin creed shadow one,CGMagazine,2
1134,assassin creed shadow one,Creative Bloq,1
1135,assassin creed shadow one,Dexerto,2
1136,assassin creed shadow one,gamepressure,2
1137,assassin creed shadow one,GameRant,1
1138,assassin creed shadow one,GamingBible,1
1139,assassin creed shadow one,Siliconera,1
1140,assassin creed shadow one,wccftech,1
1141,assassin creed shadow one,Windows Central,3
1142,aspect assassin creed shadow,CGMagazine,1
1143,aspect assassin creed shadow,RPGFan,1
1144,assassin creed shadow absolutely,CGMagazine,1
1145,assassin creed shadow absolutely,GamingBolt,1
1146,feudal japan assassin creed,CGMagazine,1
1147,feudal japan assassin creed,Creative Bloq,1
1148,feudal japan assassin creed,GameRant,1
1149,feudal japan assassin creed,GamingBible,1
1150,feudal japan assassin creed,HardcoreGamer,1
1151,feudal japan assassin creed,IGN,1
1152,feudal japan assassin creed,TheEscapist,1
1153,feudal japan assassin creed,TheSixthAxis,1
1154,feudal japan assassin creed,TrueAchievments,1
1155,assassin creed shadow ubisoft,CGMagazine,1
1156,assassin creed shadow ubisoft,CNET,1
1157,assassin creed shadow ubisoft,Loot Level Chill,1
1158,assassin creed shadow ubisoft,ScreenRant,1
1159,assassin creed shadow ubisoft,Windows Central,1
1160,assassin creed shadow ubisoft,Xbox Tavern,1
1161,creed shadow ubisoft finally,CGMagazine,1
1162,creed shadow ubisoft finally,Xbox Tavern,1
1163,feudal japan set fan,CGMagazine,1
1164,feudal japan set fan,TheGamer,1
1165,assassin creed shadow follow two,CGMagazine,1
1166,assassin creed shadow follow two,GamesRadar,1
1167,creed shadow follow two protagonist,CGMagazine,1
1168,creed shadow follow two protagonist,GamesRadar,1
1169,assassin creed shadow absolute blast,CGMagazine,2
1170,assassin creed shadow absolute blast,GameSpot,1
1171,assassin creed shadow ubisoft finally,CGMagazine,1
1172,assassin creed shadow ubisoft finally,Xbox Tavern,1
1173,shadow review two,Checkpoint,1
1174,shadow review two,GameSpew,1
1175,long assassin creed,Checkpoint,1
1176,long assassin creed,Digital Trends,2
1177,long assassin creed,GamesRadar,1
1178,long assassin creed,GamingBolt,1
1179,bring series japan,Checkpoint,1
1180,bring series japan,PlayStation Universe,1
1181,bring series japan,Shacknews,1
1182,finally assassin creed,Checkpoint,1
1183,finally assassin creed,GamingBolt,1
1184,finally assassin creed,HardcoreGamer,1
1185,finally assassin creed,RPGFan,1
1186,finally assassin creed,TheSixthAxis,1
1187,want assassin creed,Checkpoint,1
1188,want assassin creed,Game8,1
1189,want assassin creed,GameSpot,1
1190,want assassin creed,GamingBible,1
1191,want assassin creed,Siliconera,1
1192,want assassin creed,Stevivor,2
1193,want assassin creed,TheSixthAxis,1
1194,two different style,Checkpoint,1
1195,two different style,ComicBook,1
1196,fan wait ubisoft,Checkpoint,1
1197,fan wait ubisoft,digitalchumps,1
1198,game set japan,Checkpoint,1
1199,game set japan,Creative Bloq,2
1200,game set japan,Finger Guns,1
1201,game set japan,Game8,1
1202,game set japan,GamingBolt,1
1203,game set japan,Hey Poor Player,1
1204,game set japan,Push Square,1
1205,game set japan,ScreenRant,2
1206,game set japan,Siliconera,1
1207,game set japan,VGC,1
1208,open world adventure,Checkpoint,1
1209,open world adventure,CNET,1
1210,open world adventure,Digital Trends,1
1211,open world adventure,Radio Times,1
1212,mechanic assassin creed,Checkpoint,1
1213,mechanic assassin creed,GamingBolt,2
1214,mechanic assassin creed,RPG Site,1
1215,assassin creed would,Checkpoint,1
1216,assassin creed would,ComicBook,1
1217,design assassin creed,Checkpoint,1
1218,design assassin creed,COG,1
1219,design assassin creed,PlayStation Universe,1
1220,assassin creed gameplay,Checkpoint,2
1221,assassin creed gameplay,ComicBook,1
1222,assassin creed gameplay,DualShockers,1
1223,assassin creed gameplay,Game Informer,1
1224,assassin creed gameplay,Game8,1
1225,assassin creed gameplay,Shacknews,1
1226,assassin creed gameplay,Stevivor,1
1227,assassin creed gameplay,TheGamer,1
1228,new historical setting,Checkpoint,1
1229,new historical setting,digitalchumps,1
1230,valhalla odyssey origin,Checkpoint,1
1231,valhalla odyssey origin,CNET,1
1232,ability build customise,Checkpoint,1
1233,ability build customise,XboxAchievements,1
1234,build customise hideout,Checkpoint,1
1235,build customise hideout,XboxAchievements,1
1236,creed shadow fit,Checkpoint,1
1237,creed shadow fit,ScreenRant,1
1238,late sengoku period,Checkpoint,1
1239,late sengoku period,Game8,1
1240,late sengoku period,Polygon,1
1241,late sengoku period,wccftech,2
1242,sengoku period japan,Checkpoint,1
1243,sengoku period japan,GameRant,1
1244,sengoku period japan,IGN,2
1245,sengoku period japan,Polygon,1
1246,two protagonist naoe,Checkpoint,1
1247,two protagonist naoe,Dexerto,1
1248,two protagonist naoe,Gamecritics,1
1249,two protagonist naoe,gamepressure,2
1250,two protagonist naoe,GamingTrend,1
1251,two protagonist naoe,Movies Games and Tech,1
1252,first 10 15,Checkpoint,1
1253,first 10 15,The Guardian,1
1254,10 15 hour,Checkpoint,1
1255,10 15 hour,The Guardian,1
1256,hour play naoe,Checkpoint,1
1257,hour play naoe,Rock Paper Shotgun,1
1258,play naoe first,Checkpoint,1
1259,play naoe first,DualShockers,1
1260,play naoe first,TheSixthAxis,1
1261,member villainous shinbakufu,Checkpoint,1
1262,member villainous shinbakufu,slant,1
1263,praise assassin creed,Checkpoint,1
1264,praise assassin creed,RPGFan,1
1265,new animus hub,Checkpoint,1
1266,new animus hub,New Game Network,1
1267,new animus hub,XboxEra,1
1268,in game store,Checkpoint,1
1269,in game store,Windows Central,1
1270,take long time,Checkpoint,1
1271,take long time,New Game Network,1
1272,take long time,Windows Central,1
1273,might prefer play,Checkpoint,1
1274,might prefer play,COG,1
1275,classic ac fan,Checkpoint,1
1276,classic ac fan,PC Gamer,1
1277,ac fan like,Checkpoint,1
1278,ac fan like,PC Gamer,1
1279,first part game,Checkpoint,1
1280,first part game,Metro News,1
1281,feel like main,Checkpoint,1
1282,feel like main,Windows Central,1
1283,like main character,Checkpoint,1
1284,like main character,Kotaku,1
1285,like main character,Windows Central,1
1286,story mission often,Checkpoint,1
1287,story mission often,Loot Level Chill,1
1288,character switch character,Checkpoint,1
1289,character switch character,Inverse,1
1290,since early day,Checkpoint,1
1291,since early day,wgtc,1
1292,take half health,Checkpoint,1
1293,take half health,Hooked Gamers,1
1294,naoe take hit,Checkpoint,1
1295,naoe take hit,GamingTrend,1
1296,head on fight,Checkpoint,1
1297,head on fight,Hey Poor Player,1
1298,head on fight,VideoGamer,1
1299,yasuke use eagle,Checkpoint,1
1300,yasuke use eagle,Twinfinite,1
1301,use eagle vision,Checkpoint,1
1302,use eagle vision,CNET,1
1303,use eagle vision,Digital Trends,1
1304,use eagle vision,GameGrin,1
1305,use eagle vision,Kotaku,1
1306,use eagle vision,Twinfinite,1
1307,use eagle vision,wccftech,1
1308,naoe yasuke could,Checkpoint,1
1309,naoe yasuke could,TechRadar,1
1310,naoe grapple hook,Checkpoint,1
1311,naoe grapple hook,ComicBook,1
1312,naoe grapple hook,Inverse,2
1313,naoe grapple hook,ScreenRant,1
1314,naoe grapple hook,TheEscapist,1
1315,naoe grapple hook,TheGamer,1
1316,naoe grapple hook,XboxEra,1
1317,grapple hook climb,Checkpoint,1
1318,grapple hook climb,New Game Network,1
1319,grapple hook climb,Ragequit,1
1320,mastery point upgrade,Checkpoint,1
1321,mastery point upgrade,Siliconera,1
1322,point upgrade skill,Checkpoint,1
1323,point upgrade skill,Siliconera,1
1324,also felt like,Checkpoint,1
1325,also felt like,Worthplaying PC,1
1326,entire castle full,Checkpoint,1
1327,entire castle full,Metro News,1
1328,think assassin creed,Checkpoint,1
1329,think assassin creed,COG,1
1330,think assassin creed,Gaming Age,1
1331,think assassin creed,Order of the Template,1
1332,think assassin creed,Ragequit,1
1333,think assassin creed,Siliconera,1
1334,creed shadow make,Checkpoint,1
1335,creed shadow make,COG,1
1336,creed shadow make,Eurogamer,1
1337,creed shadow make,IGN,1
1338,creed shadow make,Siliconera,1
1339,creed shadow make,Twinfinite,1
1340,creed shadow review two,Checkpoint,1
1341,creed shadow review two,GameSpew,1
1342,finally assassin creed shadow,Checkpoint,1
1343,finally assassin creed shadow,HardcoreGamer,1
1344,finally assassin creed shadow,TheSixthAxis,1
1345,want assassin creed shadow,Checkpoint,1
1346,want assassin creed shadow,Game8,1
1347,new assassin creed shadow,Checkpoint,1
1348,new assassin creed shadow,Finger Guns,1
1349,ability build customise hideout,Checkpoint,1
1350,ability build customise hideout,XboxAchievements,1
1351,assassin creed shadow fit,Checkpoint,1
1352,assassin creed shadow fit,ScreenRant,1
1353,late sengoku period japan,Checkpoint,1
1354,late sengoku period japan,Polygon,1
1355,two protagonist naoe yasuke,Checkpoint,1
1356,two protagonist naoe yasuke,Dexerto,1
1357,two protagonist naoe yasuke,Gamecritics,1
1358,two protagonist naoe yasuke,Movies Games and Tech,1
1359,first 10 15 hour,Checkpoint,1
1360,first 10 15 hour,The Guardian,1
1361,might prefer play yasuke,Checkpoint,1
1362,might prefer play yasuke,COG,1
1363,feel like main character,Checkpoint,1
1364,feel like main character,Windows Central,1
1365,yasuke use eagle vision,Checkpoint,1
1366,yasuke use eagle vision,Twinfinite,1
1367,mastery point upgrade skill,Checkpoint,1
1368,mastery point upgrade skill,Siliconera,1
1369,think assassin creed shadow,Checkpoint,1
1370,think assassin creed shadow,COG,1
1371,think assassin creed shadow,Gaming Age,1
1372,think assassin creed shadow,Siliconera,1
1373,assassin creed shadow make,Checkpoint,1
1374,assassin creed shadow make,COG,1
1375,assassin creed shadow make,Eurogamer,1
1376,assassin creed shadow make,IGN,1
1377,assassin creed shadow make,Siliconera,1
1378,assassin creed shadow make,Twinfinite,1
1379,assassin creed shadow review two,Checkpoint,1
1380,assassin creed shadow review two,GameSpew,1
1381,18 year since,CNET,1
1382,18 year since,Dexerto,1
1383,assassin creed franchise,CNET,1
1384,assassin creed franchise,GameRant,4
1385,assassin creed franchise,GameSpot,1
1386,assassin creed franchise,GamingBolt,2
1387,assassin creed franchise,Metro News,1
1388,assassin creed franchise,Movies Games and Tech,1
1389,assassin creed franchise,New Game Network,1
1390,assassin creed franchise,PlayStation Universe,1
1391,assassin creed franchise,Softpedia,1
1392,assassin creed franchise,TheEscapist,1
1393,assassin creed franchise,TheSixthAxis,1
1394,assassin creed franchise,TheXboxHub,1
1395,assassin creed franchise,VGC,1
1396,assassin creed franchise,wgtc,1
1397,assassin creed franchise,Windows Central,1
1398,assassin creed franchise,Worthplaying PC,1
1399,game assassin creed,CNET,2
1400,game assassin creed,COG,1
1401,game assassin creed,ComicBook,2
1402,game assassin creed,GameRant,1
1403,game assassin creed,GameSpot,1
1404,game assassin creed,HardcoreGamer,1
1405,game assassin creed,Impulse Gamer,1
1406,game assassin creed,NoisyPixel,1
1407,game assassin creed,Push Square,1
1408,game assassin creed,RPG Site,1
1409,game assassin creed,ScreenRant,1
1410,game assassin creed,Softpedia,1
1411,game assassin creed,The Verge,2
1412,game assassin creed,Windows Central,3
1413,game assassin creed,ZTGD,1
1414,shadow take player,CNET,1
1415,shadow take player,New Game Network,1
1416,time period time,CNET,1
1417,time period time,GameSpot,1
1418,time feudal japan,CNET,1
1419,time feudal japan,New Game Network,1
1420,african samurai yasuke,CNET,1
1421,african samurai yasuke,Twinfinite,1
1422,yasuke real historical,CNET,1
1423,yasuke real historical,Metro News,1
1424,real historical figure,CNET,1
1425,real historical figure,Gamecritics,1
1426,real historical figure,GamingBolt,1
1427,real historical figure,Metro News,1
1428,real historical figure,Radio Times,1
1429,real historical figure,The Guardian,1
1430,real historical figure,Twinfinite,1
1431,real historical figure,wccftech,1
1432,two style play,CNET,1
1433,two style play,XboxAchievements,1
1434,assassin creed series,CNET,1
1435,assassin creed series,Digital Trends,1
1436,assassin creed series,Game8,1
1437,assassin creed series,Gamecritics,1
1438,assassin creed series,gamepressure,2
1439,assassin creed series,Gamer Escape,1
1440,assassin creed series,GameRant,5
1441,assassin creed series,GamingBible,1
1442,assassin creed series,GamingBolt,1
1443,assassin creed series,Hey Poor Player,1
1444,assassin creed series,Metro News,1
1445,assassin creed series,PlayStation Universe,1
1446,assassin creed series,Softpedia,2
1447,assassin creed series,The Verge,1
1448,assassin creed series,Twinfinite,1
1449,assassin creed series,wccftech,2
1450,action heavy combat,CNET,1
1451,action heavy combat,VGC,1
1452,recent game assassin,CNET,1
1453,recent game assassin,Impulse Gamer,1
1454,choose character play,CNET,1
1455,choose character play,gamepressure,1
1456,choose character play,Hooked Gamers,1
1457,best game series,CNET,1
1458,best game series,Siliconera,1
1459,enough story yasuke,CNET,1
1460,enough story yasuke,XboxEra,1
1461,take multiple enemy,CNET,1
1462,take multiple enemy,GamingBolt,1
1463,take multiple enemy,wccftech,1
1464,avoid direct confrontation,CNET,1
1465,avoid direct confrontation,GamingTrend,1
1466,eagle vision another,CNET,1
1467,eagle vision another,Twinfinite,1
1468,another assassin creed,CNET,1
1469,another assassin creed,HardcoreGamer,1
1470,assassin creed staple,CNET,1
1471,assassin creed staple,The Verge,1
1472,swap naoe yasuke,CNET,1
1473,swap naoe yasuke,PCGamesN,1
1474,naoe yasuke go,CNET,1
1475,naoe yasuke go,RPG Site,1
1476,open door yasuke,CNET,1
1477,open door yasuke,ZTGD,1
1478,earn mastery point,CNET,1
1479,earn mastery point,digitalchumps,1
1480,earn mastery point,Gamereactor,1
1481,earn mastery point,TrueAchievments,1
1482,mastery point spend,CNET,1
1483,mastery point spend,TrueAchievments,1
1484,respective skill tree,CNET,1
1485,respective skill tree,Shacknews,1
1486,skill tree naoe,CNET,1
1487,skill tree naoe,Digital Trends,1
1488,naoe skill tree,CNET,1
1489,naoe skill tree,GameSpot,1
1490,naoe skill tree,Twinfinite,1
1491,increase knowledge rank,CNET,1
1492,increase knowledge rank,GamingBolt,1
1493,naoe yasuke also,CNET,1
1494,naoe yasuke also,GamingBolt,1
1495,naoe yasuke also,Worthplaying PC,1
1496,block unblockable attack,CNET,1
1497,block unblockable attack,GamingTrend,1
1498,make fight enemy,CNET,1
1499,make fight enemy,wccftech,1
1500,two different character,CNET,1
1501,two different character,Kotaku,1
1502,history oda nobunaga,CNET,1
1503,history oda nobunaga,GamingTrend,1
1504,japan naoe yasuke,CNET,1
1505,japan naoe yasuke,Windows Central,1
1506,objective board game,CNET,1
1507,objective board game,TheEscapist,1
1508,game naoe yasuke,CNET,1
1509,game naoe yasuke,TechRadar,1
1510,game naoe yasuke,TheEscapist,1
1511,however limited number,CNET,1
1512,however limited number,GameGrin,1
1513,person re look,CNET,1
1514,person re look,DualShockers,2
1515,system feel like,CNET,1
1516,system feel like,Push Square,1
1517,open world franchise,CNET,1
1518,open world franchise,Kotaku,1
1519,far cry ghost,CNET,1
1520,far cry ghost,digitalchumps,1
1521,cry ghost recon,CNET,1
1522,cry ghost recon,digitalchumps,1
1523,result assassin creed,CNET,1
1524,result assassin creed,GameRant,1
1525,result assassin creed,TechRadar,1
1526,one objective another,CNET,1
1527,one objective another,PlayStation Universe,1
1528,setting feudal japan,CNET,1
1529,setting feudal japan,Impulse Gamer,1
1530,setting feudal japan,Ragequit,1
1531,setting feudal japan,TechRadar,1
1532,play xbox series,CNET,1
1533,play xbox series,Order of the Template,1
1534,play xbox series,TheXboxHub,1
1535,play xbox series,Windows Central,1
1536,english voice act,CNET,1
1537,english voice act,Finger Guns,1
1538,english voice act,wccftech,2
1539,english voice act,XboxEra,1
1540,like naoe yasuke,CNET,1
1541,like naoe yasuke,GameSpot,1
1542,make sense naoe,CNET,1
1543,make sense naoe,Worthplaying PC,1
1544,previous game series,CNET,1
1545,previous game series,PlayStation Universe,1
1546,previous game series,Worthplaying PC,1
1547,creed shadow launch,CNET,1
1548,creed shadow launch,Radio Times,1
1549,creed shadow launch,RPG Site,1
1550,shadow launch march,CNET,1
1551,shadow launch march,RPG Site,1
1552,launch march 20,CNET,1
1553,launch march 20,Kotaku,1
1554,launch march 20,RPG Site,1
1555,pc ps5 xbox,CNET,1
1556,pc ps5 xbox,GamesRadar,1
1557,ps5 xbox series,CNET,1
1558,ps5 xbox series,Digital Trends,1
1559,ps5 xbox series,GamesRadar,1
1560,ps5 xbox series,RPG Site,1
1561,ps5 xbox series,TechRadar,1
1562,game assassin creed shadow,CNET,1
1563,game assassin creed shadow,COG,1
1564,game assassin creed shadow,ComicBook,2
1565,game assassin creed shadow,GameRant,1
1566,game assassin creed shadow,HardcoreGamer,1
1567,game assassin creed shadow,Impulse Gamer,1
1568,game assassin creed shadow,NoisyPixel,1
1569,game assassin creed shadow,ScreenRant,1
1570,game assassin creed shadow,The Verge,1
1571,game assassin creed shadow,Windows Central,3
1572,game assassin creed shadow,ZTGD,1
1573,yasuke real historical figure,CNET,1
1574,yasuke real historical figure,Metro News,1
1575,recent game assassin creed,CNET,1
1576,recent game assassin creed,Impulse Gamer,1
1577,use eagle vision another,CNET,1
1578,use eagle vision another,Twinfinite,1
1579,earn mastery point spend,CNET,1
1580,earn mastery point spend,TrueAchievments,1
1581,far cry ghost recon,CNET,1
1582,far cry ghost recon,digitalchumps,1
1583,result assassin creed shadow,CNET,1
1584,result assassin creed shadow,GameRant,1
1585,result assassin creed shadow,TechRadar,1
1586,assassin creed shadow launch,CNET,1
1587,assassin creed shadow launch,Radio Times,1
1588,assassin creed shadow launch,RPG Site,1
1589,creed shadow launch march,CNET,1
1590,creed shadow launch march,RPG Site,1
1591,shadow launch march 20,CNET,1
1592,shadow launch march 20,RPG Site,1
1593,pc ps5 xbox series,CNET,1
1594,pc ps5 xbox series,GamesRadar,1
1595,assassin creed shadow launch march,CNET,1
1596,assassin creed shadow launch march,RPG Site,1
1597,creed shadow launch march 20,CNET,1
1598,creed shadow launch march 20,RPG Site,1
1599,shadow review new,COG,1
1600,shadow review new,PCGamesN,1
1601,game like ghost,COG,1
1602,game like ghost,HardcoreGamer,1
1603,game like ghost,Twinfinite,1
1604,game like ghost,Worthplaying,1
1605,like ghost tsushima,COG,1
1606,like ghost tsushima,Creative Bloq,2
1607,like ghost tsushima,digitalchumps,1
1608,like ghost tsushima,HardcoreGamer,1
1609,like ghost tsushima,Twinfinite,1
1610,like ghost tsushima,Worthplaying,1
1611,ghost tsushima rise,COG,1
1612,ghost tsushima rise,Creative Bloq,1
1613,ghost tsushima rise,GameRant,1
1614,ghost tsushima rise,HardcoreGamer,1
1615,ghost tsushima rise,New Game Network,1
1616,ghost tsushima rise,ScreenRant,1
1617,ghost tsushima rise,Twinfinite,1
1618,ghost tsushima rise,Worthplaying,1
1619,tsushima rise ronin,COG,1
1620,tsushima rise ronin,Creative Bloq,1
1621,tsushima rise ronin,GameRant,1
1622,tsushima rise ronin,HardcoreGamer,1
1623,tsushima rise ronin,New Game Network,1
1624,tsushima rise ronin,ScreenRant,1
1625,tsushima rise ronin,Twinfinite,1
1626,tsushima rise ronin,Worthplaying,1
1627,return series root,COG,1
1628,return series root,Creative Bloq,1
1629,return series root,GamingBolt,1
1630,return series root,wccftech,1
1631,open world bloat,COG,1
1632,open world bloat,GamingBible,1
1633,open world bloat,wccftech,1
1634,open world bloat,Windows Central,1
1635,shadow bring back,COG,2
1636,shadow bring back,Metro News,1
1637,jacob evie frye,COG,1
1638,jacob evie frye,GameGrin,1
1639,historical figure like,COG,1
1640,historical figure like,GamingBolt,1
1641,historical figure like,Rock Paper Shotgun,1
1642,weapon brute force,COG,1
1643,weapon brute force,HardcoreGamer,1
1644,weapon brute force,XboxEra,1
1645,brute force combat,COG,1
1646,brute force combat,HardcoreGamer,1
1647,brute force combat,Radio Times,1
1648,ac game naoe,COG,1
1649,ac game naoe,New Game Network,1
1650,naoe parkour skill,COG,1
1651,naoe parkour skill,XboxAchievements,1
1652,back and forth,COG,1
1653,back and forth,GameSpot,1
1654,go assassin creed,COG,1
1655,go assassin creed,digitalchumps,1
1656,go assassin creed,Gamer Escape,1
1657,go assassin creed,GameRant,1
1658,go assassin creed,Gaming Age,1
1659,creed shadow pretty,COG,1
1660,creed shadow pretty,TheXboxHub,1
1661,base historical figure,COG,1
1662,base historical figure,Well Played,1
1663,spend great deal,COG,1
1664,spend great deal,GamingTrend,1
1665,great deal time,COG,1
1666,great deal time,GamingTrend,1
1667,exploration ac shadow,COG,1
1668,exploration ac shadow,gamepressure,1
1669,ac shadow take,COG,1
1670,ac shadow take,Game8,1
1671,ac shadow take,Twinfinite,1
1672,naoe shinobi skill,COG,1
1673,naoe shinobi skill,gamepressure,1
1674,able go prone,COG,1
1675,able go prone,Twinfinite,1
1676,use grappling hook,COG,1
1677,use grappling hook,GameGrin,1
1678,use grappling hook,GamingTrend,1
1679,use grappling hook,Hey Poor Player,1
1680,use grappling hook,Hooked Gamers,1
1681,use grappling hook,slant,1
1682,use grappling hook,The Verge,1
1683,use grappling hook,ZTGD,1
1684,recent ac game,COG,1
1685,recent ac game,New Game Network,1
1686,recent ac game,TechRadar,1
1687,make big deal,COG,1
1688,make big deal,Metro News,1
1689,make big deal,XboxAchievements,1
1690,ubisoft open world,COG,1
1691,ubisoft open world,Digital Trends,1
1692,ubisoft open world,GameRant,2
1693,ubisoft open world,Order of the Template,1
1694,ubisoft open world,Shacknews,1
1695,ubisoft open world,Windows Central,1
1696,open world map,COG,1
1697,open world map,GamingBolt,1
1698,open world map,Kotaku,1
1699,open world map,The Verge,1
1700,open world map,Twinfinite,1
1701,open world map,VGC,1
1702,know assassin creed,COG,1
1703,know assassin creed,wccftech,1
1704,attention historical detail,COG,1
1705,attention historical detail,Game8,1
1706,weather change season,COG,1
1707,weather change season,HardcoreGamer,1
1708,open world game,COG,1
1709,open world game,Creative Bloq,2
1710,open world game,Digital Trends,1
1711,open world game,DualShockers,1
1712,open world game,Finger Guns,1
1713,open world game,Gamer Escape,1
1714,open world game,GamingBible,1
1715,open world game,Impulse Gamer,1
1716,open world game,Inverse,2
1717,open world game,Kotaku,2
1718,open world game,NoisyPixel,1
1719,open world game,Order of the Template,1
1720,open world game,PC Gamer,1
1721,open world game,PCGamesN,1
1722,open world game,PlayStation Universe,1
1723,open world game,Push Square,2
1724,open world game,Radio Times,1
1725,open world game,Ragequit,2
1726,open world game,Shacknews,1
1727,open world game,TechRadar,1
1728,open world game,The Verge,1
1729,open world game,TheXboxHub,2
1730,open world game,VG247,1
1731,open world game,wccftech,3
1732,open world game,Well Played,2
1733,open world game,Windows Central,2
1734,code provide publisher,COG,1
1735,code provide publisher,GamesRadar,1
1736,code provide publisher,GamingBible,1
1737,creed shadow review new,COG,1
1738,creed shadow review new,PCGamesN,1
1739,game like ghost tsushima,COG,1
1740,game like ghost tsushima,HardcoreGamer,1
1741,game like ghost tsushima,Twinfinite,1
1742,game like ghost tsushima,Worthplaying,1
1743,like ghost tsushima rise,COG,1
1744,like ghost tsushima rise,Creative Bloq,1
1745,like ghost tsushima rise,HardcoreGamer,1
1746,like ghost tsushima rise,Worthplaying,1
1747,ghost tsushima rise ronin,COG,1
1748,ghost tsushima rise ronin,Creative Bloq,1
1749,ghost tsushima rise ronin,GameRant,1
1750,ghost tsushima rise ronin,HardcoreGamer,1
1751,ghost tsushima rise ronin,New Game Network,1
1752,ghost tsushima rise ronin,ScreenRant,1
1753,ghost tsushima rise ronin,Twinfinite,1
1754,ghost tsushima rise ronin,Worthplaying,1
1755,creed shadow bring back,COG,1
1756,creed shadow bring back,Metro News,1
1757,weapon brute force combat,COG,1
1758,weapon brute force combat,HardcoreGamer,1
1759,go assassin creed shadow,COG,1
1760,go assassin creed shadow,GameRant,1
1761,go assassin creed shadow,Gaming Age,1
1762,assassin creed shadow pretty,COG,1
1763,assassin creed shadow pretty,TheXboxHub,1
1764,spend great deal time,COG,1
1765,spend great deal time,GamingTrend,1
1766,assassin creed shadow review new,COG,1
1767,assassin creed shadow review new,PCGamesN,1
1768,game like ghost tsushima rise,COG,1
1769,game like ghost tsushima rise,HardcoreGamer,1
1770,game like ghost tsushima rise,Worthplaying,1
1771,like ghost tsushima rise ronin,COG,1
1772,like ghost tsushima rise ronin,Creative Bloq,1
1773,like ghost tsushima rise ronin,HardcoreGamer,1
1774,like ghost tsushima rise ronin,Worthplaying,1
1775,assassin creed shadow bring back,COG,1
1776,assassin creed shadow bring back,Metro News,1
1777,creed shadow finally,ComicBook,2
1778,creed shadow finally,Digital Trends,1
1779,creed shadow finally,digitalchumps,1
1780,creed shadow finally,GameGrin,1
1781,creed shadow finally,GameSpew,1
1782,creed shadow finally,Gaming Age,1
1783,creed shadow finally,HardcoreGamer,1
1784,creed shadow finally,Hey Poor Player,1
1785,creed shadow finally,Impulse Gamer,1
1786,creed shadow finally,New Game Network,2
1787,creed shadow finally,PlayStation LifeStyle,1
1788,creed shadow finally,Shacknews,2
1789,creed shadow finally,The Verge,1
1790,creed shadow finally,TrueAchievments,1
1791,creed shadow finally,VGC,1
1792,creed shadow finally,Windows Central,1
1793,shadow finally give,ComicBook,1
1794,shadow finally give,Gaming Age,1
1795,shadow finally long,ComicBook,1
1796,shadow finally long,Shacknews,1
1797,delay assassin creed,ComicBook,1
1798,delay assassin creed,Digital Trends,1
1799,delay assassin creed,Softpedia,1
1800,delay assassin creed,Xbox Tavern,1
1801,creed game fan,ComicBook,1
1802,creed game fan,GameRant,1
1803,creed game fan,RPGFan,1
1804,different era history,ComicBook,1
1805,different era history,XboxAchievements,1
1806,natural fit assassin,ComicBook,1
1807,natural fit assassin,TheEscapist,1
1808,fit assassin creed,ComicBook,1
1809,fit assassin creed,NoisyPixel,1
1810,fit assassin creed,Softpedia,1
1811,fit assassin creed,TheEscapist,1
1812,assassin creed formula,ComicBook,1
1813,assassin creed formula,DualShockers,1
1814,assassin creed formula,Game8,1
1815,assassin creed formula,Gamereactor,1
1816,assassin creed formula,GameSpot,1
1817,assassin creed formula,Twinfinite,1
1818,assassin creed formula,VG247,3
1819,creed shadow perfect,ComicBook,1
1820,creed shadow perfect,GamesRadar,1
1821,creed shadow perfect,GamingBible,1
1822,creed shadow perfect,Windows Central,1
1823,lot assassin creed,ComicBook,1
1824,lot assassin creed,GamingBible,1
1825,lot assassin creed,PlayStation Universe,1
1826,lot assassin creed,RPGFan,1
1827,assassin creed fan,ComicBook,2
1828,assassin creed fan,Creative Bloq,1
1829,assassin creed fan,Eurogamer,1
1830,assassin creed fan,GamesRadar,1
1831,assassin creed fan,PlayStation Universe,1
1832,assassin creed fan,RPG Site,2
1833,assassin creed fan,Shacknews,1
1834,assassin creed fan,TheXboxHub,1
1835,assassin creed fan,wgtc,1
1836,assassin creed fan,XboxAchievements,1
1837,wrap assassin creed,ComicBook,1
1838,wrap assassin creed,digitalchumps,1
1839,wrap assassin creed,Worthplaying PC,1
1840,assassin creed iv,ComicBook,1
1841,assassin creed iv,GamingTrend,1
1842,assassin creed iv,Windows Central,1
1843,creed iv black,ComicBook,1
1844,creed iv black,GamingTrend,1
1845,creed iv black,Windows Central,1
1846,iv black flag,ComicBook,1
1847,iv black flag,GamingTrend,1
1848,iv black flag,Windows Central,1
1849,story two protagonist,ComicBook,1
1850,story two protagonist,Eurogamer,1
1851,story two protagonist,Hooked Gamers,1
1852,story two protagonist,Worthplaying PC,1
1853,young female shinobi,ComicBook,1
1854,young female shinobi,Kotaku,1
1855,shame assassin creed,ComicBook,1
1856,shame assassin creed,Siliconera,1
1857,12 15 hour,ComicBook,1
1858,12 15 hour,irish_independent,1
1859,really get go,ComicBook,1
1860,really get go,TheSixthAxis,1
1861,first 10 hour,ComicBook,1
1862,first 10 hour,DualShockers,1
1863,first 10 hour,NoisyPixel,2
1864,first 10 hour,PC Gamer,1
1865,first 10 hour,Polygon,1
1866,first 10 hour,Softpedia,1
1867,first 10 hour,The Verge,1
1868,yasuke one note,ComicBook,1
1869,yasuke one note,PC Gamer,1
1870,assassin creed protagonist,ComicBook,1
1871,assassin creed protagonist,GameRant,2
1872,assassin creed protagonist,GameSpot,1
1873,assassin creed protagonist,GamingBolt,4
1874,assassin creed protagonist,Inverse,1
1875,assassin creed protagonist,Kotaku,1
1876,assassin creed protagonist,Metro News,1
1877,assassin creed protagonist,nme,1
1878,assassin creed protagonist,Rock Paper Shotgun,1
1879,like odyssey valhalla,ComicBook,1
1880,like odyssey valhalla,Hey Poor Player,1
1881,like odyssey valhalla,TechRadar,1
1882,odyssey valhalla lean,ComicBook,1
1883,odyssey valhalla lean,Hey Poor Player,1
1884,brute force way,ComicBook,1
1885,brute force way,DualShockers,1
1886,batman arkham series,ComicBook,1
1887,batman arkham series,TheSixthAxis,1
1888,head on combat,ComicBook,1
1889,head on combat,TechRadar,1
1890,familiar assassin creed,ComicBook,1
1891,familiar assassin creed,RPGFan,1
1892,familiar assassin creed,Stevivor,1
1893,familiar assassin creed,Worthplaying,1
1894,despite assassin creed,ComicBook,1
1895,despite assassin creed,Twinfinite,1
1896,creed shadow solid,ComicBook,1
1897,creed shadow solid,wccftech,1
1898,go without hitch,ComicBook,1
1899,go without hitch,Digital Trends,1
1900,game feel like,ComicBook,1
1901,game feel like,TrueAchievments,1
1902,like grappling hook,ComicBook,1
1903,like grappling hook,GamingTrend,1
1904,although assassin creed,ComicBook,1
1905,although assassin creed,GamesRadar,1
1906,action adventure game,ComicBook,1
1907,action adventure game,Game8,3
1908,action adventure game,Twinfinite,1
1909,lapse assassin creed,ComicBook,1
1910,lapse assassin creed,RPG Site,1
1911,assassin creed shadow finally,ComicBook,2
1912,assassin creed shadow finally,Digital Trends,1
1913,assassin creed shadow finally,digitalchumps,1
1914,assassin creed shadow finally,GameGrin,1
1915,assassin creed shadow finally,GameSpew,1
1916,assassin creed shadow finally,Gaming Age,1
1917,assassin creed shadow finally,HardcoreGamer,1
1918,assassin creed shadow finally,Hey Poor Player,1
1919,assassin creed shadow finally,Impulse Gamer,1
1920,assassin creed shadow finally,New Game Network,2
1921,assassin creed shadow finally,PlayStation LifeStyle,1
1922,assassin creed shadow finally,Shacknews,2
1923,assassin creed shadow finally,The Verge,1
1924,assassin creed shadow finally,TrueAchievments,1
1925,assassin creed shadow finally,VGC,1
1926,assassin creed shadow finally,Windows Central,1
1927,creed shadow finally give,ComicBook,1
1928,creed shadow finally give,Gaming Age,1
1929,creed shadow finally long,ComicBook,1
1930,creed shadow finally long,Shacknews,1
1931,assassin creed game fan,ComicBook,1
1932,assassin creed game fan,GameRant,1
1933,assassin creed game fan,RPGFan,1
1934,natural fit assassin creed,ComicBook,1
1935,natural fit assassin creed,TheEscapist,1
1936,assassin creed shadow perfect,ComicBook,1
1937,assassin creed shadow perfect,GamesRadar,1
1938,assassin creed shadow perfect,GamingBible,1
1939,assassin creed shadow perfect,Windows Central,1
1940,assassin creed iv black,ComicBook,1
1941,assassin creed iv black,GamingTrend,1
1942,assassin creed iv black,Windows Central,1
1943,creed iv black flag,ComicBook,1
1944,creed iv black flag,GamingTrend,1
1945,creed iv black flag,Windows Central,1
1946,like odyssey valhalla lean,ComicBook,1
1947,like odyssey valhalla lean,Hey Poor Player,1
1948,familiar assassin creed gameplay,ComicBook,1
1949,familiar assassin creed gameplay,Stevivor,1
1950,despite assassin creed shadow,ComicBook,1
1951,despite assassin creed shadow,Twinfinite,1
1952,assassin creed shadow solid,ComicBook,1
1953,assassin creed shadow solid,wccftech,1
1954,although assassin creed shadow,ComicBook,1
1955,although assassin creed shadow,GamesRadar,1
1956,lapse assassin creed fan,ComicBook,1
1957,lapse assassin creed fan,RPG Site,1
1958,assassin creed shadow finally give,ComicBook,1
1959,assassin creed shadow finally give,Gaming Age,1
1960,assassin creed shadow finally long,ComicBook,1
1961,assassin creed shadow finally long,Shacknews,1
1962,assassin creed iv black flag,ComicBook,1
1963,assassin creed iv black flag,GamingTrend,1
1964,assassin creed iv black flag,Windows Central,1
1965,setting assassin creed,Creative Bloq,1
1966,setting assassin creed,digitalchumps,2
1967,setting assassin creed,HardcoreGamer,1
1968,setting assassin creed,TheXboxHub,1
1969,setting assassin creed,TrueAchievments,1
1970,rise ronin already,Creative Bloq,1
1971,rise ronin already,HardcoreGamer,1
1972,sun assassin creed,Creative Bloq,1
1973,sun assassin creed,GamesHub,1
1974,appreciation japanese culture,Creative Bloq,1
1975,appreciation japanese culture,GamingBible,1
1976,instalment assassin creed,Creative Bloq,1
1977,instalment assassin creed,irish_independent,1
1978,think shadow something,Creative Bloq,1
1979,think shadow something,PC Gamer,1
1980,yasuke samurai naoe,Creative Bloq,1
1981,yasuke samurai naoe,XboxEra,1
1982,samurai naoe shinobi,Creative Bloq,1
1983,samurai naoe shinobi,Player2,1
1984,samurai naoe shinobi,XboxEra,1
1985,offer best world,Creative Bloq,1
1986,offer best world,TechRadar,1
1987,shadow open world,Creative Bloq,1
1988,shadow open world,Eurogamer,1
1989,shadow open world,Game8,1
1990,shadow open world,GameRant,1
1991,shadow open world,Inverse,1
1992,shadow open world,PC Gamer,1
1993,shadow open world,TheXboxHub,1
1994,world game set,Creative Bloq,2
1995,world game set,Finger Guns,1
1996,warlord oda nobunaga,Creative Bloq,1
1997,warlord oda nobunaga,Metro News,1
1998,warlord oda nobunaga,RPG Site,1
1999,around 10 hour,Creative Bloq,1
2000,around 10 hour,Twinfinite,1
2001,naoe likable protagonist,Creative Bloq,1
2002,naoe likable protagonist,GameSpew,1
2003,masked figure responsible,Creative Bloq,1
2004,masked figure responsible,Game Informer,1
2005,kill father steal,Creative Bloq,1
2006,kill father steal,Worthplaying,1
2007,shadow feel like,Creative Bloq,1
2008,shadow feel like,Gamecritics,1
2009,shadow feel like,GameSpew,1
2010,shadow feel like,GameSpot,2
2011,shadow feel like,GamingBible,1
2012,shadow feel like,GamingBolt,1
2013,shadow feel like,Inverse,1
2014,shadow feel like,RPG Site,1
2015,shadow feel like,TheEscapist,1
2016,shadow feel like,TheGamer,1
2017,shadow feel like,TrueAchievments,2
2018,shadow feel like,Twinfinite,1
2019,shadow feel like,VG247,1
2020,shadow feel like,VGC,1
2021,shadow feel like,Well Played,1
2022,shadow feel like,wgtc,1
2023,shadow feel like,Worthplaying PC,1
2024,old assassin creed,Creative Bloq,1
2025,old assassin creed,DualShockers,1
2026,old assassin creed,GameRant,1
2027,old assassin creed,Kotaku,1
2028,return eagle vision,Creative Bloq,1
2029,return eagle vision,Twinfinite,1
2030,wall grapple hook,Creative Bloq,1
2031,wall grapple hook,PlayStation LifeStyle,1
2032,wall grapple hook,Windows Central,1
2033,leap faith haystack,Creative Bloq,1
2034,leap faith haystack,digitalchumps,1
2035,fight head on,Creative Bloq,1
2036,fight head on,GamesRadar,1
2037,fight feel like,Creative Bloq,1
2038,fight feel like,DualShockers,1
2039,dual protagonist one,Creative Bloq,1
2040,dual protagonist one,HardcoreGamer,1
2041,easy forgive shadow,Creative Bloq,1
2042,easy forgive shadow,PCGamesN,1
2043,around open world,Creative Bloq,1
2044,around open world,GamingTrend,1
2045,open world japan,Creative Bloq,1
2046,open world japan,Push Square,1
2047,open world japan,ScreenRant,1
2048,open world japan,XboxAchievements,1
2049,best look game,Creative Bloq,1
2050,best look game,Finger Guns,1
2051,best look game,GamingTrend,1
2052,immersive mode character,Creative Bloq,1
2053,immersive mode character,wccftech,1
2054,game set feudal,Creative Bloq,2
2055,game set feudal,DualShockers,1
2056,game set feudal,GamingBolt,1
2057,game set feudal,Hey Poor Player,1
2058,game set feudal,TheSixthAxis,1
2059,game set feudal,wgtc,1
2060,dynamic season system,Creative Bloq,1
2061,dynamic season system,Push Square,1
2062,gorgeous cherry blossom,Creative Bloq,1
2063,gorgeous cherry blossom,Well Played,1
2064,period assassin creed,Creative Bloq,1
2065,period assassin creed,Kotaku,1
2066,period assassin creed,ScreenRant,1
2067,period assassin creed,XboxAchievements,1
2068,tsushima rise ronin already,Creative Bloq,1
2069,tsushima rise ronin already,HardcoreGamer,1
2070,sun assassin creed shadow,Creative Bloq,1
2071,sun assassin creed shadow,GamesHub,1
2072,yasuke samurai naoe shinobi,Creative Bloq,1
2073,yasuke samurai naoe shinobi,XboxEra,1
2074,open world game set,Creative Bloq,2
2075,open world game set,Finger Guns,1
2076,world game set japan,Creative Bloq,2
2077,world game set japan,Finger Guns,1
2078,old assassin creed game,Creative Bloq,1
2079,old assassin creed game,GameRant,1
2080,old assassin creed game,Kotaku,1
2081,game set feudal japan,Creative Bloq,2
2082,game set feudal japan,DualShockers,1
2083,game set feudal japan,GamingBolt,1
2084,game set feudal japan,Hey Poor Player,1
2085,game set feudal japan,TheSixthAxis,1
2086,game set feudal japan,wgtc,1
2087,period assassin creed shadow,Creative Bloq,1
2088,period assassin creed shadow,ScreenRant,1
2089,period assassin creed shadow,XboxAchievements,1
2090,set feudal japan assassin,Creative Bloq,1
2091,set feudal japan assassin,TrueAchievments,1
2092,ghost tsushima rise ronin already,Creative Bloq,1
2093,ghost tsushima rise ronin already,HardcoreGamer,1
2094,open world game set japan,Creative Bloq,2
2095,open world game set japan,Finger Guns,1
2096,set feudal japan assassin creed,Creative Bloq,1
2097,set feudal japan assassin creed,TrueAchievments,1
2098,feudal japan assassin creed shadow,Creative Bloq,1
2099,feudal japan assassin creed shadow,HardcoreGamer,1
2100,feudal japan assassin creed shadow,IGN,1
2101,feudal japan assassin creed shadow,TheEscapist,1
2102,feudal japan assassin creed shadow,TheSixthAxis,1
2103,feudal japan assassin creed shadow,TrueAchievments,1
2104,shadow review best,Dexerto,1
2105,shadow review best,VGC,1
2106,since black flag,Dexerto,3
2107,since black flag,Loot Level Chill,1
2108,since black flag,VG247,1
2109,since black flag,Windows Central,1
2110,black flag assassin,Dexerto,1
2111,black flag assassin,GamingTrend,1
2112,flag assassin creed,Dexerto,1
2113,flag assassin creed,GamingTrend,1
2114,naoe shinobi iga,Dexerto,1
2115,naoe shinobi iga,Gamer Escape,1
2116,naoe shinobi iga,XboxEra,1
2117,series assassin creed,Dexerto,1
2118,series assassin creed,Hooked Gamers,1
2119,series assassin creed,Twinfinite,1
2120,series assassin creed,wgtc,1
2121,march 20 2025,Dexerto,1
2122,march 20 2025,GamingTrend,2
2123,march 20 2025,PlayStation Universe,1
2124,march 20 2025,RPG Site,1
2125,fan assassin creed,Dexerto,2
2126,fan assassin creed,GameGrin,1
2127,fan assassin creed,GameRant,1
2128,fan assassin creed,TheEscapist,1
2129,fan assassin creed,TheSixthAxis,1
2130,fan assassin creed,TheXboxHub,1
2131,fan assassin creed,ZTGD,1
2132,year since first,Dexerto,1
2133,year since first,XboxAchievements,1
2134,since first assassin,Dexerto,1
2135,since first assassin,XboxAchievements,1
2136,first assassin creed,Dexerto,1
2137,first assassin creed,GameRant,1
2138,first assassin creed,HardcoreGamer,1
2139,first assassin creed,Impulse Gamer,1
2140,first assassin creed,Kotaku,1
2141,first assassin creed,Loot Level Chill,1
2142,first assassin creed,PCGamesN,1
2143,first assassin creed,Push Square,1
2144,first assassin creed,Stevivor,1
2145,first assassin creed,TheSixthAxis,1
2146,first assassin creed,XboxAchievements,1
2147,assassin creed release,Dexerto,1
2148,assassin creed release,DualShockers,1
2149,assassin creed release,Ragequit,1
2150,come expect modern,Dexerto,1
2151,come expect modern,Polygon,1
2152,relatedassassin creed shadow,Dexerto,1
2153,relatedassassin creed shadow,Polygon,2
2154,shadow also feel,Dexerto,1
2155,shadow also feel,GamingBolt,1
2156,assassin creed jank,Dexerto,1
2157,assassin creed jank,DigitalSpy,1
2158,give naoe yasuke,Dexerto,1
2159,give naoe yasuke,GamingTrend,1
2160,creed shadow two,Dexerto,1
2161,creed shadow two,GameGrin,1
2162,creed shadow two,HardcoreGamer,1
2163,creed shadow two,Twinfinite,1
2164,shadow two protagonist,Dexerto,1
2165,shadow two protagonist,Inverse,1
2166,yasuke fighting style,Dexerto,1
2167,yasuke fighting style,gamepressure,1
2168,weapon armor trinket,Dexerto,1
2169,weapon armor trinket,GamingTrend,1
2170,game make feel,Dexerto,1
2171,game make feel,GamingBolt,2
2172,fun would great,Dexerto,1
2173,fun would great,Inverse,1
2174,something new game,Dexerto,1
2175,something new game,XboxEra,1
2176,one best addition,Dexerto,1
2177,one best addition,GamingTrend,1
2178,point interest map,Dexerto,1
2179,point interest map,Hooked Gamers,1
2180,verdict assassin creed,Dexerto,1
2181,verdict assassin creed,IGN,1
2182,assassin creed fight,Dexerto,1
2183,assassin creed fight,GamesRadar,1
2184,world feudal japan,Dexerto,1
2185,world feudal japan,HardcoreGamer,1
2186,best assassin creed,Dexerto,1
2187,best assassin creed,Digital Trends,1
2188,best assassin creed,GameRant,2
2189,best assassin creed,GameSpew,1
2190,best assassin creed,GameSpot,1
2191,best assassin creed,GamingBible,2
2192,best assassin creed,GamingBolt,2
2193,best assassin creed,GamingTrend,1
2194,best assassin creed,HardcoreGamer,1
2195,best assassin creed,Kotaku,1
2196,best assassin creed,PCGamesN,1
2197,best assassin creed,PlayStation Universe,3
2198,best assassin creed,TechRadar,1
2199,best assassin creed,TheEscapist,1
2200,best assassin creed,Twinfinite,1
2201,best assassin creed,VG247,1
2202,best assassin creed,VGC,1
2203,best assassin creed,wgtc,1
2204,creed game since,Dexerto,1
2205,creed game since,ZTGD,1
2206,creed shadow review best,Dexerto,1
2207,creed shadow review best,VGC,1
2208,black flag assassin creed,Dexerto,1
2209,black flag assassin creed,GamingTrend,1
2210,series assassin creed shadow,Dexerto,1
2211,series assassin creed shadow,Hooked Gamers,1
2212,series assassin creed shadow,Twinfinite,1
2213,series assassin creed shadow,wgtc,1
2214,year since first assassin,Dexerto,1
2215,year since first assassin,XboxAchievements,1
2216,since first assassin creed,Dexerto,1
2217,since first assassin creed,XboxAchievements,1
2218,assassin creed shadow two,Dexerto,1
2219,assassin creed shadow two,GameGrin,1
2220,assassin creed shadow two,HardcoreGamer,1
2221,assassin creed shadow two,Twinfinite,1
2222,best assassin creed game,Dexerto,1
2223,best assassin creed game,Digital Trends,1
2224,best assassin creed game,GameRant,1
2225,best assassin creed game,GameSpew,1
2226,best assassin creed game,GamingBible,2
2227,best assassin creed game,GamingBolt,2
2228,best assassin creed game,GamingTrend,1
2229,best assassin creed game,HardcoreGamer,1
2230,best assassin creed game,PlayStation Universe,3
2231,best assassin creed game,TechRadar,1
2232,best assassin creed game,TheEscapist,1
2233,best assassin creed game,Twinfinite,1
2234,best assassin creed game,VGC,1
2235,best assassin creed game,wgtc,1
2236,assassin creed game since,Dexerto,1
2237,assassin creed game since,ZTGD,1
2238,assassin creed shadow review best,Dexerto,1
2239,assassin creed shadow review best,VGC,1
2240,year since first assassin creed,Dexerto,1
2241,year since first assassin creed,XboxAchievements,1
2242,turn tea bowl,Digital Trends,1
2243,turn tea bowl,digitalchumps,1
2244,turn tea bowl,Rock Paper Shotgun,1
2245,sprawl open world,Digital Trends,1
2246,sprawl open world,digitalchumps,1
2247,creed valhalla shadow,Digital Trends,1
2248,creed valhalla shadow,Inverse,1
2249,long running series,Digital Trends,1
2250,long running series,RPG Site,1
2251,long running series,Shacknews,1
2252,long running series,Worthplaying PC,2
2253,yasuke one two,Digital Trends,1
2254,yasuke one two,DualShockers,1
2255,one two playable,Digital Trends,1
2256,one two playable,DualShockers,1
2257,retainer oda nobunaga,Digital Trends,1
2258,retainer oda nobunaga,Inverse,1
2259,shadow dual protagonist,Digital Trends,1
2260,shadow dual protagonist,GameRant,1
2261,shadow dual protagonist,TheEscapist,1
2262,shadow dual protagonist,ZTGD,1
2263,avenge father death,Digital Trends,1
2264,avenge father death,digitalchumps,1
2265,assassin creed character,Digital Trends,1
2266,assassin creed character,Inverse,1
2267,assassin creed character,Stevivor,1
2268,able scale building,Digital Trends,1
2269,able scale building,The Verge,1
2270,high enough reach,Digital Trends,1
2271,high enough reach,GameSpot,1
2272,make feel like,Digital Trends,1
2273,make feel like,Gamereactor,1
2274,make feel like,GameSpot,1
2275,make feel like,GamingBolt,2
2276,make feel like,GamingTrend,2
2277,make feel like,HardcoreGamer,1
2278,make feel like,Hooked Gamers,1
2279,make feel like,Metro News,1
2280,make feel like,Movies Games and Tech,1
2281,make feel like,Twinfinite,1
2282,make feel like,XboxEra,1
2283,figure like hattori,Digital Trends,1
2284,figure like hattori,slant,1
2285,yasuke naoe personal,Digital Trends,1
2286,yasuke naoe personal,GamesRadar,1
2287,naoe personal story,Digital Trends,1
2288,naoe personal story,Eurogamer,1
2289,sometimes feel like,Digital Trends,1
2290,sometimes feel like,Gaming Age,1
2291,sometimes feel like,Xbox Tavern,1
2292,make good use,Digital Trends,2
2293,make good use,slant,1
2294,still assassin creed,Digital Trends,1
2295,still assassin creed,GamesRadar,1
2296,still assassin creed,Kotaku,1
2297,still assassin creed,Order of the Template,1
2298,still assassin creed,wccftech,1
2299,stealth action shadow,Digital Trends,1
2300,stealth action shadow,PC Gamer,1
2301,want tackle mission,Digital Trends,1
2302,want tackle mission,Xbox Tavern,1
2303,sneak heavily guard,Digital Trends,1
2304,sneak heavily guard,Player2,1
2305,go toe to,Digital Trends,1
2306,go toe to,GamingTrend,1
2307,toe to toe,Digital Trends,1
2308,toe to toe,GamingTrend,1
2309,shadow great job,Digital Trends,1
2310,shadow great job,Shacknews,1
2311,effect make enemy,Digital Trends,1
2312,effect make enemy,Finger Guns,1
2313,force player adapt,Digital Trends,1
2314,force player adapt,digitalchumps,1
2315,force player adapt,wccftech,1
2316,never really clear,Digital Trends,1
2317,never really clear,DualShockers,1
2318,long katanas naginatas,Digital Trends,1
2319,long katanas naginatas,GameSpew,1
2320,chip away enemy,Digital Trends,1
2321,chip away enemy,Gaming Age,1
2322,game build around,Digital Trends,1
2323,game build around,Game8,1
2324,gap assassin creed,Digital Trends,1
2325,gap assassin creed,PCGamesN,1
2326,creed shadow almost,Digital Trends,2
2327,creed shadow almost,Push Square,1
2328,shadow almost feel,Digital Trends,2
2329,shadow almost feel,Push Square,1
2330,feel like would,Digital Trends,2
2331,feel like would,Gamer Escape,1
2332,feel like would,PlayStation Universe,1
2333,approach open world,Digital Trends,1
2334,approach open world,Finger Guns,1
2335,open world design,Digital Trends,1
2336,open world design,Finger Guns,1
2337,open world design,Push Square,1
2338,open world design,wccftech,1
2339,open world design,Well Played,1
2340,imagine many player,Digital Trends,1
2341,imagine many player,Inverse,1
2342,red dead redemption,Digital Trends,1
2343,red dead redemption,Gamecritics,1
2344,red dead redemption,GamesRadar,1
2345,red dead redemption,Impulse Gamer,1
2346,red dead redemption,Inverse,2
2347,red dead redemption,wccftech,1
2348,happy assassin creed,Digital Trends,1
2349,happy assassin creed,HardcoreGamer,1
2350,xbox series pc,Digital Trends,2
2351,xbox series pc,RPG Site,1
2352,xbox series pc,XboxEra,1
2353,get assassin creed,Digital Trends,1
2354,get assassin creed,GamingBible,1
2355,naoe yasuke unique,Digital Trends,1
2356,naoe yasuke unique,TheGamer,1
2357,knowledge point knowledge,Digital Trends,1
2358,knowledge point knowledge,TheEscapist,2
2359,non violent activity,Digital Trends,1
2360,non violent activity,Hey Poor Player,1
2361,non violent activity,TheEscapist,5
2362,creed game get,Digital Trends,1
2363,creed game get,GameRant,1
2364,creed game get,GamingTrend,1
2365,open world title,Digital Trends,1
2366,open world title,Gamer Escape,1
2367,shadow scale back,Digital Trends,1
2368,shadow scale back,Hey Poor Player,1
2369,creed shadow start,Digital Trends,1
2370,creed shadow start,GameRant,1
2371,creed shadow start,RPGFan,1
2372,creed shadow would,Digital Trends,1
2373,creed shadow would,Gamereactor,1
2374,creed shadow would,GamesRadar,1
2375,creed shadow would,PC Gamer,1
2376,creed shadow would,Siliconera,1
2377,creed shadow would,TheGamer,1
2378,creed shadow would,wccftech,1
2379,put assassin creed,Digital Trends,1
2380,put assassin creed,GameRant,1
2381,everything game offer,Digital Trends,1
2382,everything game offer,GameRant,1
2383,far assassin creed,Digital Trends,1
2384,far assassin creed,PlayStation Universe,1
2385,far assassin creed,ScreenRant,1
2386,since series begin,Digital Trends,1
2387,since series begin,TheGamer,1
2388,one best assassin,Digital Trends,1
2389,one best assassin,GamingBolt,2
2390,one best assassin,Kotaku,1
2391,new open world,Digital Trends,1
2392,new open world,Finger Guns,1
2393,new open world,GameRant,1
2394,creed shadow release,Digital Trends,1
2395,creed shadow release,GameRant,1
2396,creed shadow release,Polygon,1
2397,creed shadow come,Digital Trends,1
2398,creed shadow come,GamingBible,1
2399,creed shadow come,GamingTrend,1
2400,creed shadow come,Hey Poor Player,1
2401,shadow come march,Digital Trends,1
2402,shadow come march,GamingTrend,1
2403,come march 20,Digital Trends,1
2404,come march 20,GamingTrend,1
2405,assassin creed valhalla shadow,Digital Trends,1
2406,assassin creed valhalla shadow,Inverse,1
2407,go toe to toe,Digital Trends,1
2408,go toe to toe,GamingTrend,1
2409,assassin creed shadow almost,Digital Trends,2
2410,assassin creed shadow almost,Push Square,1
2411,creed shadow almost feel,Digital Trends,2
2412,creed shadow almost feel,Push Square,1
2413,shadow almost feel like,Digital Trends,2
2414,shadow almost feel like,Push Square,1
2415,approach open world design,Digital Trends,1
2416,approach open world design,Finger Guns,1
2417,happy assassin creed shadow,Digital Trends,1
2418,happy assassin creed shadow,HardcoreGamer,1
2419,assassin creed game get,Digital Trends,1
2420,assassin creed game get,GameRant,1
2421,assassin creed game get,GamingTrend,1
2422,assassin creed shadow start,Digital Trends,1
2423,assassin creed shadow start,GameRant,1
2424,assassin creed shadow start,RPGFan,1
2425,assassin creed shadow would,Digital Trends,1
2426,assassin creed shadow would,Gamereactor,1
2427,assassin creed shadow would,GamesRadar,1
2428,assassin creed shadow would,PC Gamer,1
2429,assassin creed shadow would,Siliconera,1
2430,assassin creed shadow would,TheGamer,1
2431,assassin creed shadow would,wccftech,1
2432,put assassin creed shadow,Digital Trends,1
2433,put assassin creed shadow,GameRant,1
2434,one best assassin creed,Digital Trends,1
2435,one best assassin creed,GamingBolt,2
2436,one best assassin creed,Kotaku,1
2437,assassin creed shadow release,Digital Trends,1
2438,assassin creed shadow release,GameRant,1
2439,assassin creed shadow release,Polygon,1
2440,delay assassin creed shadow,Digital Trends,1
2441,delay assassin creed shadow,Softpedia,1
2442,delay assassin creed shadow,Xbox Tavern,1
2443,assassin creed shadow come,Digital Trends,1
2444,assassin creed shadow come,GamingBible,1
2445,assassin creed shadow come,GamingTrend,1
2446,assassin creed shadow come,Hey Poor Player,1
2447,creed shadow come march,Digital Trends,1
2448,creed shadow come march,GamingTrend,1
2449,shadow come march 20,Digital Trends,1
2450,shadow come march 20,GamingTrend,1
2451,ps5 xbox series pc,Digital Trends,1
2452,ps5 xbox series pc,RPG Site,1
2453,assassin creed shadow almost feel,Digital Trends,2
2454,assassin creed shadow almost feel,Push Square,1
2455,creed shadow almost feel like,Digital Trends,2
2456,creed shadow almost feel like,Push Square,1
2457,one best assassin creed game,Digital Trends,1
2458,one best assassin creed game,GamingBolt,2
2459,best assassin creed game yet,Digital Trends,1
2460,best assassin creed game yet,GameSpew,1
2461,assassin creed shadow come march,Digital Trends,1
2462,assassin creed shadow come march,GamingTrend,1
2463,creed shadow come march 20,Digital Trends,1
2464,creed shadow come march 20,GamingTrend,1
2465,shadow finally bring,digitalchumps,1
2466,shadow finally bring,New Game Network,1
2467,shadow finally bring,PlayStation LifeStyle,1
2468,shadow finally bring,Shacknews,1
2469,finally bring series,digitalchumps,1
2470,finally bring series,PlayStation Universe,1
2471,finally bring series,Shacknews,1
2472,year assassin creed,digitalchumps,1
2473,year assassin creed,GamingBible,1
2474,year assassin creed,TheXboxHub,1
2475,year assassin creed,VGC,1
2476,year assassin creed,wccftech,1
2477,assassin creed use,digitalchumps,1
2478,assassin creed use,Finger Guns,1
2479,assassin creed use,GamingBolt,1
2480,assassin creed use,Stevivor,1
2481,japan almost 20,digitalchumps,1
2482,japan almost 20,The Verge,1
2483,almost 20 year,digitalchumps,1
2484,almost 20 year,IGN,1
2485,almost 20 year,The Verge,1
2486,wait assassin creed,digitalchumps,1
2487,wait assassin creed,Finger Guns,1
2488,wait assassin creed,PC Gamer,1
2489,wait assassin creed,Shacknews,1
2490,wait assassin creed,TechRadar,2
2491,creed shadow set,digitalchumps,1
2492,creed shadow set,Inverse,1
2493,creed shadow set,NoisyPixel,1
2494,creed shadow set,wccftech,1
2495,creed shadow set,Windows Central,1
2496,azuchi momoyama period,digitalchumps,1
2497,azuchi momoyama period,GamingTrend,2
2498,azuchi momoyama period,Hey Poor Player,1
2499,azuchi momoyama period,wccftech,1
2500,narrative assassin creed,digitalchumps,1
2501,narrative assassin creed,nme,1
2502,much assassin creed,digitalchumps,1
2503,much assassin creed,Worthplaying,2
2504,creed game ubisoft,digitalchumps,1
2505,creed game ubisoft,Kotaku,1
2506,creed game ubisoft,The Verge,1
2507,since series inception,digitalchumps,1
2508,since series inception,Windows Central,1
2509,assassin creed never,digitalchumps,1
2510,assassin creed never,GameSpot,1
2511,assassin creed never,GamingTrend,1
2512,assassin creed never,Loot Level Chill,1
2513,take leap faith,digitalchumps,1
2514,take leap faith,Game8,1
2515,take leap faith,Ragequit,1
2516,question mark point,digitalchumps,1
2517,question mark point,Gamereactor,3
2518,mark point interest,digitalchumps,1
2519,mark point interest,Gamereactor,3
2520,mark point interest,TheSixthAxis,1
2521,brief introduction yasuke,digitalchumps,1
2522,brief introduction yasuke,Stevivor,1
2523,oda nobunaga legendary,digitalchumps,1
2524,oda nobunaga legendary,Worthplaying,1
2525,naoe young woman,digitalchumps,1
2526,naoe young woman,Eurogamer,1
2527,naoe young woman,New Game Network,1
2528,naoe young woman,The Guardian,1
2529,naoe young woman,The Verge,1
2530,naoe young woman,XboxEra,1
2531,kill naoe father,digitalchumps,1
2532,kill naoe father,Finger Guns,1
2533,assassin creed narrative,digitalchumps,1
2534,assassin creed narrative,HardcoreGamer,1
2535,work quite well,digitalchumps,1
2536,work quite well,Gamer Escape,1
2537,work quite well,Hooked Gamers,1
2538,quite well game,digitalchumps,1
2539,quite well game,Hooked Gamers,1
2540,story naoe yasuke,digitalchumps,1
2541,story naoe yasuke,Push Square,1
2542,naoe yasuke decide,digitalchumps,1
2543,naoe yasuke decide,Shacknews,1
2544,past two decade,digitalchumps,1
2545,past two decade,New Game Network,1
2546,improve base stats,digitalchumps,1
2547,improve base stats,Metro News,1
2548,base stats like,digitalchumps,1
2549,base stats like,IGN,1
2550,make naoe yasuke,digitalchumps,2
2551,make naoe yasuke,GamesHub,1
2552,rank skill lock,digitalchumps,1
2553,rank skill lock,TrueAchievments,1
2554,skill lock behind,digitalchumps,1
2555,skill lock behind,TrueAchievments,1
2556,lock behind knowledge,digitalchumps,1
2557,lock behind knowledge,TrueAchievments,1
2558,behind knowledge rank,digitalchumps,1
2559,behind knowledge rank,TheEscapist,1
2560,behind knowledge rank,TrueAchievments,1
2561,knowledge rank earn,digitalchumps,1
2562,knowledge rank earn,TrueAchievments,1
2563,naoe yasuke must,digitalchumps,1
2564,naoe yasuke must,Shacknews,1
2565,naoe yasuke must,XboxAchievements,1
2566,pray shrine collect,digitalchumps,1
2567,pray shrine collect,ZTGD,1
2568,travel long distance,digitalchumps,1
2569,travel long distance,gamepressure,1
2570,stranger strange land,digitalchumps,1
2571,stranger strange land,Loot Level Chill,1
2572,japanese voice acting,digitalchumps,1
2573,japanese voice acting,NoisyPixel,1
2574,english voice acting,digitalchumps,1
2575,english voice acting,Windows Central,1
2576,either naoe yasuke,digitalchumps,1
2577,either naoe yasuke,GameRant,2
2578,either naoe yasuke,Kotaku,1
2579,either naoe yasuke,Worthplaying PC,1
2580,lead naoe yasuke,digitalchumps,1
2581,lead naoe yasuke,GameSpot,1
2582,break enemy guard,digitalchumps,1
2583,break enemy guard,Well Played,1
2584,weapon long katana,digitalchumps,1
2585,weapon long katana,DualShockers,1
2586,long katana naginata,digitalchumps,1
2587,long katana naginata,DualShockers,1
2588,long katana naginata,gamepressure,1
2589,long katana naginata,GameRant,1
2590,long katana naginata,TrueAchievments,1
2591,long katana naginata,wccftech,1
2592,katana naginata kanabo,digitalchumps,1
2593,katana naginata kanabo,DualShockers,1
2594,katana naginata kanabo,gamepressure,1
2595,dagger like tanto,digitalchumps,1
2596,dagger like tanto,TheSixthAxis,1
2597,much like yasuke,digitalchumps,1
2598,much like yasuke,IGN,1
2599,gear earn complete,digitalchumps,1
2600,gear earn complete,Game Informer,1
2601,make sneak around,digitalchumps,1
2602,make sneak around,Well Played,1
2603,also play role,digitalchumps,1
2604,also play role,GamingBolt,1
2605,time around enemy,digitalchumps,1
2606,time around enemy,GamingTrend,1
2607,around enemy often,digitalchumps,1
2608,around enemy often,GamingTrend,1
2609,world ubisoft create,digitalchumps,1
2610,world ubisoft create,GameSpew,1
2611,world ubisoft create,Player2,1
2612,world ubisoft create,wccftech,1
2613,assassin creed launch,digitalchumps,1
2614,assassin creed launch,Stevivor,1
2615,assassin creed launch,XboxAchievements,1
2616,japan change season,digitalchumps,1
2617,japan change season,Game Informer,1
2618,spring summer fall,digitalchumps,1
2619,spring summer fall,GameSpot,1
2620,spring summer fall,New Game Network,1
2621,summer fall winter,digitalchumps,1
2622,summer fall winter,GameSpot,1
2623,summer fall winter,New Game Network,1
2624,spend much time,digitalchumps,1
2625,spend much time,Gamers Heroes,1
2626,naoe yasuke league,digitalchumps,1
2627,naoe yasuke league,PC Gamer,1
2628,creed shadow allow,digitalchumps,1
2629,creed shadow allow,gamepressure,1
2630,creed shadow allow,XboxEra,2
2631,creed shadow finally bring,digitalchumps,1
2632,creed shadow finally bring,New Game Network,1
2633,creed shadow finally bring,PlayStation LifeStyle,1
2634,creed shadow finally bring,Shacknews,1
2635,shadow finally bring series,digitalchumps,1
2636,shadow finally bring series,Shacknews,1
2637,japan almost 20 year,digitalchumps,1
2638,japan almost 20 year,The Verge,1
2639,wait assassin creed shadow,digitalchumps,1
2640,wait assassin creed shadow,PC Gamer,1
2641,wait assassin creed shadow,Shacknews,1
2642,wait assassin creed shadow,TechRadar,1
2643,assassin creed shadow set,digitalchumps,1
2644,assassin creed shadow set,Inverse,1
2645,assassin creed shadow set,NoisyPixel,1
2646,assassin creed shadow set,wccftech,1
2647,assassin creed shadow set,Windows Central,1
2648,assassin creed game ubisoft,digitalchumps,1
2649,assassin creed game ubisoft,Kotaku,1
2650,assassin creed game ubisoft,The Verge,1
2651,question mark point interest,digitalchumps,1
2652,question mark point interest,Gamereactor,3
2653,work quite well game,digitalchumps,1
2654,work quite well game,Hooked Gamers,1
2655,rank skill lock behind,digitalchumps,1
2656,rank skill lock behind,TrueAchievments,1
2657,skill lock behind knowledge,digitalchumps,1
2658,skill lock behind knowledge,TrueAchievments,1
2659,lock behind knowledge rank,digitalchumps,1
2660,lock behind knowledge rank,TrueAchievments,1
2661,play assassin creed game,digitalchumps,1
2662,play assassin creed game,Game Informer,1
2663,play assassin creed game,gamepressure,1
2664,play assassin creed game,Kotaku,1
2665,play assassin creed game,Twinfinite,1
2666,weapon long katana naginata,digitalchumps,1
2667,weapon long katana naginata,DualShockers,1
2668,long katana naginata kanabo,digitalchumps,1
2669,long katana naginata kanabo,DualShockers,1
2670,long katana naginata kanabo,gamepressure,1
2671,time around enemy often,digitalchumps,1
2672,time around enemy often,GamingTrend,1
2673,spring summer fall winter,digitalchumps,1
2674,spring summer fall winter,GameSpot,1
2675,spring summer fall winter,New Game Network,1
2676,assassin creed shadow allow,digitalchumps,1
2677,assassin creed shadow allow,gamepressure,1
2678,assassin creed shadow allow,XboxEra,2
2679,setting assassin creed shadow,digitalchumps,1
2680,setting assassin creed shadow,HardcoreGamer,1
2681,setting assassin creed shadow,TheXboxHub,1
2682,setting assassin creed shadow,TrueAchievments,1
2683,assassin creed shadow finally bring,digitalchumps,1
2684,assassin creed shadow finally bring,New Game Network,1
2685,assassin creed shadow finally bring,PlayStation LifeStyle,1
2686,assassin creed shadow finally bring,Shacknews,1
2687,creed shadow finally bring series,digitalchumps,1
2688,creed shadow finally bring series,Shacknews,1
2689,rank skill lock behind knowledge,digitalchumps,1
2690,rank skill lock behind knowledge,TrueAchievments,1
2691,skill lock behind knowledge rank,digitalchumps,1
2692,skill lock behind knowledge rank,TrueAchievments,1
2693,weapon long katana naginata kanabo,digitalchumps,1
2694,weapon long katana naginata kanabo,DualShockers,1
2695,set assassin creed,DigitalSpy,1
2696,set assassin creed,Eurogamer,1
2697,set assassin creed,Game Informer,1
2698,set assassin creed,Siliconera,1
2699,set assassin creed,The Guardian,1
2700,game feudal japan,DigitalSpy,1
2701,game feudal japan,TheXboxHub,1
2702,like no brainer,DigitalSpy,1
2703,like no brainer,Finger Guns,1
2704,best series ever,DigitalSpy,2
2705,best series ever,Loot Level Chill,1
2706,best series ever,ZTGD,1
2707,usual assassin creed,DigitalSpy,1
2708,usual assassin creed,Game8,1
2709,tank like samurai,DigitalSpy,1
2710,tank like samurai,Radio Times,1
2711,particular assassin creed,DigitalSpy,1
2712,particular assassin creed,PlayStation LifeStyle,1
2713,nice change pace,DigitalSpy,1
2714,nice change pace,PC Gamer,1
2715,assassin creed unity,DigitalSpy,1
2716,assassin creed unity,GameRant,1
2717,assassin creed unity,HardcoreGamer,1
2718,naoe yasuke path,DigitalSpy,1
2719,naoe yasuke path,Hey Poor Player,1
2720,naoe yasuke path,XboxEra,1
2721,yasuke path cross,DigitalSpy,1
2722,yasuke path cross,Hey Poor Player,1
2723,2015 assassin creed,DigitalSpy,1
2724,2015 assassin creed,GameRant,1
2725,2015 assassin creed,RPG Site,1
2726,pivot rpg territory,DigitalSpy,1
2727,pivot rpg territory,GamesRadar,2
2728,need go next,DigitalSpy,1
2729,need go next,Rock Paper Shotgun,1
2730,gain knowledge point,DigitalSpy,1
2731,gain knowledge point,DualShockers,2
2732,gain knowledge point,NoisyPixel,2
2733,gain knowledge point,TechRadar,1
2734,kuji kiri meditation,DigitalSpy,1
2735,kuji kiri meditation,Hey Poor Player,1
2736,kuji kiri meditation,TrueAchievments,1
2737,either yasuke naoe,DigitalSpy,1
2738,either yasuke naoe,GameRant,1
2739,either yasuke naoe,Impulse Gamer,1
2740,keep crowd bay,DigitalSpy,1
2741,keep crowd bay,GamesRadar,1
2742,experience assassin creed,DigitalSpy,1
2743,experience assassin creed,Gamereactor,1
2744,experience assassin creed,wccftech,2
2745,experience assassin creed,Windows Central,1
2746,experience assassin creed,Xbox Tavern,1
2747,quite stick landing,DigitalSpy,1
2748,quite stick landing,Shacknews,1
2749,set assassin creed game,DigitalSpy,1
2750,set assassin creed game,Siliconera,1
2751,since assassin creed unity,DigitalSpy,1
2752,since assassin creed unity,HardcoreGamer,1
2753,naoe yasuke path cross,DigitalSpy,1
2754,naoe yasuke path cross,Hey Poor Player,1
2755,2015 assassin creed syndicate,DigitalSpy,1
2756,2015 assassin creed syndicate,GameRant,1
2757,2015 assassin creed syndicate,RPG Site,1
2758,experience assassin creed shadow,DigitalSpy,1
2759,experience assassin creed shadow,wccftech,2
2760,experience assassin creed shadow,Xbox Tavern,1
2761,boot assassin creed,DualShockers,1
2762,boot assassin creed,Game Informer,1
2763,odd hour later,DualShockers,1
2764,odd hour later,GamesRadar,1
2765,say assassin creed,DualShockers,1
2766,say assassin creed,GameRant,1
2767,say assassin creed,Player2,1
2768,say assassin creed,VGC,2
2769,creed shadow full,DualShockers,1
2770,creed shadow full,PlayStation LifeStyle,1
2771,play performance mode,DualShockers,1
2772,play performance mode,Finger Guns,1
2773,real life figure,DualShockers,1
2774,real life figure,slant,1
2775,two main character,DualShockers,1
2776,two main character,Gamecritics,1
2777,two main character,Hey Poor Player,1
2778,two main character,irish_independent,1
2779,two main character,Polygon,1
2780,two main character,Shacknews,1
2781,two main character,TrueAchievments,1
2782,two main character,wccftech,1
2783,get job do,DualShockers,1
2784,get job do,The Verge,1
2785,hip hop beat,DualShockers,1
2786,hip hop beat,RPGFan,1
2787,assassin creed really,DualShockers,1
2788,assassin creed really,Gamer Escape,1
2789,assassin creed really,Order of the Template,1
2790,however assassin creed,DualShockers,1
2791,however assassin creed,gamepressure,1
2792,however assassin creed,Kotaku,1
2793,creed shadow shine,DualShockers,1
2794,creed shadow shine,Stevivor,1
2795,two playable character,DualShockers,1
2796,two playable character,GameSpew,1
2797,two playable character,PlayStation LifeStyle,1
2798,two playable character,Stevivor,2
2799,kunai smoke bomb,DualShockers,1
2800,kunai smoke bomb,GamingTrend,1
2801,kunai smoke bomb,Ragequit,1
2802,kunai smoke bomb,Twinfinite,1
2803,kunai smoke bomb,Xbox Tavern,1
2804,assassin creed title,DualShockers,2
2805,assassin creed title,GameGrin,1
2806,assassin creed title,GamingBolt,3
2807,assassin creed title,Kotaku,1
2808,assassin creed title,Movies Games and Tech,1
2809,assassin creed title,Order of the Template,1
2810,assassin creed title,Player2,1
2811,assassin creed title,Push Square,1
2812,assassin creed title,Ragequit,3
2813,assassin creed title,RPG Site,1
2814,assassin creed title,Shacknews,1
2815,assassin creed title,slant,1
2816,assassin creed title,TheEscapist,1
2817,assassin creed title,Xbox Tavern,1
2818,second playable character,DualShockers,1
2819,second playable character,Radio Times,1
2820,second playable character,RPGFan,1
2821,choose play naoe,DualShockers,2
2822,choose play naoe,GameRant,1
2823,choose play naoe,Ragequit,1
2824,choose play naoe,Stevivor,1
2825,10 hour game,DualShockers,1
2826,10 hour game,NoisyPixel,1
2827,10 hour game,The Verge,1
2828,creed gameplay loop,DualShockers,1
2829,creed gameplay loop,Stevivor,1
2830,gameplay loop shadow,DualShockers,1
2831,gameplay loop shadow,GamingBolt,1
2832,start feel like,DualShockers,1
2833,start feel like,Game8,1
2834,feel like actual,DualShockers,1
2835,feel like actual,GameSpot,1
2836,time lose count,DualShockers,1
2837,time lose count,Gamers Heroes,1
2838,shadow set controller,DualShockers,1
2839,shadow set controller,Windows Central,1
2840,unlock new cosmetic,DualShockers,1
2841,unlock new cosmetic,PlayStation Universe,1
2842,quick time event,DualShockers,1
2843,quick time event,Eurogamer,1
2844,quick time event,VG247,1
2845,first time assassin,DualShockers,1
2846,first time assassin,PC Gamer,1
2847,time assassin creed,DualShockers,1
2848,time assassin creed,Gamereactor,1
2849,time assassin creed,Gamers Heroes,1
2850,time assassin creed,GameSpew,1
2851,time assassin creed,GamesRadar,1
2852,time assassin creed,PC Gamer,1
2853,time assassin creed,Radio Times,1
2854,time assassin creed,Softpedia,1
2855,time assassin creed,TheEscapist,1
2856,time assassin creed,TheXboxHub,1
2857,time assassin creed,VGC,1
2858,time assassin creed,wccftech,1
2859,replenish season change,DualShockers,1
2860,replenish season change,VideoGamer,1
2861,amount in game,DualShockers,1
2862,amount in game,New Game Network,1
2863,in game currency,DualShockers,1
2864,in game currency,New Game Network,1
2865,in game currency,NoisyPixel,1
2866,in game currency,Windows Central,1
2867,in game currency,XboxEra,1
2868,find objective without,DualShockers,1
2869,find objective without,XboxEra,1
2870,make sure player,DualShockers,1
2871,make sure player,Windows Central,1
2872,base building mechanic,DualShockers,1
2873,base building mechanic,Game8,1
2874,base building mechanic,Gaming Age,1
2875,base building mechanic,Movies Games and Tech,1
2876,base building mechanic,PlayStation Universe,1
2877,feel like chore,DualShockers,1
2878,feel like chore,Gaming Age,1
2879,feel like chore,Twinfinite,2
2880,enough meat bone,DualShockers,1
2881,enough meat bone,Player2,1
2882,seem like game,DualShockers,1
2883,seem like game,gamepressure,1
2884,spice thing bit,DualShockers,1
2885,spice thing bit,TrueAchievments,1
2886,future assassin creed,DualShockers,1
2887,future assassin creed,GameRant,1
2888,future assassin creed,GamingBible,1
2889,boot assassin creed shadow,DualShockers,1
2890,boot assassin creed shadow,Game Informer,1
2891,say assassin creed shadow,DualShockers,1
2892,say assassin creed shadow,GameRant,1
2893,say assassin creed shadow,VGC,1
2894,assassin creed shadow full,DualShockers,1
2895,assassin creed shadow full,PlayStation LifeStyle,1
2896,however assassin creed shadow,DualShockers,1
2897,however assassin creed shadow,gamepressure,1
2898,however assassin creed shadow,Kotaku,1
2899,assassin creed shadow shine,DualShockers,1
2900,assassin creed shadow shine,Stevivor,1
2901,first 10 hour game,DualShockers,1
2902,first 10 hour game,NoisyPixel,1
2903,first 10 hour game,The Verge,1
2904,assassin creed gameplay loop,DualShockers,1
2905,assassin creed gameplay loop,Stevivor,1
2906,first time assassin creed,DualShockers,1
2907,first time assassin creed,PC Gamer,1
2908,amount in game currency,DualShockers,1
2909,amount in game currency,New Game Network,1
2910,shadow review assassin,Eurogamer,1
2911,shadow review assassin,TrueAchievments,1
2912,review assassin creed,Eurogamer,1
2913,review assassin creed,Gamecritics,1
2914,review assassin creed,GameSpew,1
2915,review assassin creed,TechRadar,2
2916,review assassin creed,TrueAchievments,1
2917,shadow version japan,Eurogamer,1
2918,shadow version japan,Push Square,1
2919,new observe mechanic,Eurogamer,1
2920,new observe mechanic,GamingBolt,1
2921,ancient greece set,Eurogamer,1
2922,ancient greece set,GameRant,1
2923,assassin creed odyssey,Eurogamer,1
2924,assassin creed odyssey,Game Informer,1
2925,assassin creed odyssey,GameRant,1
2926,assassin creed odyssey,Gamereactor,1
2927,assassin creed odyssey,GamingTrend,3
2928,assassin creed odyssey,Hey Poor Player,1
2929,assassin creed odyssey,Push Square,1
2930,assassin creed odyssey,VGC,1
2931,assassin creed odyssey,XboxAchievements,1
2932,iga whose father,Eurogamer,1
2933,iga whose father,wccftech,1
2934,daimyo oda nobunaga,Eurogamer,1
2935,daimyo oda nobunaga,Ragequit,1
2936,daimyo oda nobunaga,Twinfinite,1
2937,daimyo oda nobunaga,Well Played,1
2938,nobunaga naoe story,Eurogamer,1
2939,nobunaga naoe story,Hey Poor Player,1
2940,assassin hidden blade,Eurogamer,1
2941,assassin hidden blade,GamingTrend,1
2942,vast majority game,Eurogamer,2
2943,vast majority game,New Game Network,1
2944,10 hour naoe,Eurogamer,1
2945,10 hour naoe,nme,1
2946,play vast majority,Eurogamer,1
2947,play vast majority,VGC,1
2948,dozen hour later,Eurogamer,1
2949,dozen hour later,GamingTrend,1
2950,yasuke late introduction,Eurogamer,1
2951,yasuke late introduction,PC Gamer,1
2952,trade off yasuke,Eurogamer,1
2953,trade off yasuke,TrueAchievments,1
2954,back forth two,Eurogamer,1
2955,back forth two,PlayStation LifeStyle,1
2956,shoji paper door,Eurogamer,1
2957,shoji paper door,Twinfinite,1
2958,assassin creed veteran,Eurogamer,1
2959,assassin creed veteran,ScreenRant,1
2960,assassin creed veteran,Worthplaying,1
2961,serve oda nobunaga,Eurogamer,1
2962,serve oda nobunaga,RPGFan,1
2963,serve oda nobunaga,Stevivor,1
2964,serve oda nobunaga,wccftech,1
2965,serve oda nobunaga,Worthplaying,1
2966,main mission naoe,Eurogamer,1
2967,main mission naoe,nme,1
2968,naoe yasuke work,Eurogamer,1
2969,naoe yasuke work,GameSpot,1
2970,yasuke work together,Eurogamer,1
2971,yasuke work together,GameSpot,1
2972,animus hub new,Eurogamer,1
2973,animus hub new,Game8,1
2974,series recent game,Eurogamer,1
2975,series recent game,Siliconera,1
2976,get brief moment,Eurogamer,1
2977,get brief moment,Hey Poor Player,1
2978,recent assassin creed,Eurogamer,1
2979,recent assassin creed,GamingBolt,1
2980,recent assassin creed,New Game Network,1
2981,recent assassin creed,PCGamesN,1
2982,recent assassin creed,TheEscapist,1
2983,recent assassin creed,Windows Central,1
2984,recent assassin creed,XboxAchievements,1
2985,skill tree special,Eurogamer,1
2986,skill tree special,gamepressure,1
2987,special attack unlock,Eurogamer,2
2988,special attack unlock,gamepressure,1
2989,hidden blade quick,Eurogamer,1
2990,hidden blade quick,TheEscapist,1
2991,ve play assassin,Eurogamer,1
2992,ve play assassin,Game Informer,1
2993,ve play assassin,gamepressure,1
2994,ve play assassin,Ragequit,1
2995,naoe yasuke personal,Eurogamer,1
2996,naoe yasuke personal,Twinfinite,1
2997,yasuke personal quest,Eurogamer,1
2998,yasuke personal quest,XboxAchievements,1
2999,specifically lock behind,Eurogamer,1
3000,specifically lock behind,GameRant,1
3001,depth assassin creed,Eurogamer,1
3002,depth assassin creed,GameRant,1
3003,naoe yasuke story,Eurogamer,1
3004,naoe yasuke story,GameSpot,1
3005,naoe yasuke story,Softpedia,1
3006,naoe yasuke story,Stevivor,1
3007,copy assassin creed,Eurogamer,1
3008,copy assassin creed,GamesHub,1
3009,creed shadow provide,Eurogamer,1
3010,creed shadow provide,GamesHub,1
3011,creed shadow provide,wccftech,2
3012,creed shadow review assassin,Eurogamer,1
3013,creed shadow review assassin,TrueAchievments,1
3014,shadow review assassin creed,Eurogamer,1
3015,shadow review assassin creed,TrueAchievments,1
3016,review assassin creed shadow,Eurogamer,1
3017,review assassin creed shadow,GameSpew,1
3018,review assassin creed shadow,TechRadar,1
3019,review assassin creed shadow,TrueAchievments,1
3020,naoe yasuke work together,Eurogamer,1
3021,naoe yasuke work together,GameSpot,1
3022,ve play assassin creed,Eurogamer,1
3023,ve play assassin creed,Game Informer,1
3024,ve play assassin creed,gamepressure,1
3025,ve play assassin creed,Ragequit,1
3026,copy assassin creed shadow,Eurogamer,1
3027,copy assassin creed shadow,GamesHub,1
3028,assassin creed shadow provide,Eurogamer,1
3029,assassin creed shadow provide,GamesHub,1
3030,assassin creed shadow provide,wccftech,2
3031,assassin creed shadow review assassin,Eurogamer,1
3032,assassin creed shadow review assassin,TrueAchievments,1
3033,creed shadow review assassin creed,Eurogamer,1
3034,creed shadow review assassin creed,TrueAchievments,1
3035,shadow review assassin creed shadow,Eurogamer,1
3036,shadow review assassin creed shadow,TrueAchievments,1
3037,copy assassin creed shadow provide,Eurogamer,1
3038,copy assassin creed shadow provide,GamesHub,1
3039,shadow review ps5,Finger Guns,1
3040,shadow review ps5,GamesRadar,1
3041,shadow review ps5,PlayStation Universe,1
3042,assassin creed set,Finger Guns,1
3043,assassin creed set,Game8,1
3044,assassin creed set,VG247,1
3045,card close chest,Finger Guns,1
3046,card close chest,Worthplaying PC,1
3047,assassin creed origins,Finger Guns,1
3048,assassin creed origins,GameRant,1
3049,assassin creed origins,Gamereactor,1
3050,rpg lite approach,Finger Guns,1
3051,rpg lite approach,GamingTrend,1
3052,gameplay open world,Finger Guns,1
3053,gameplay open world,GamingTrend,1
3054,open world become,Finger Guns,1
3055,open world become,TheEscapist,1
3056,line assassin creed,Finger Guns,1
3057,line assassin creed,ScreenRant,1
3058,creed shadow part,Finger Guns,1
3059,creed shadow part,The Guardian,1
3060,shadow take place,Finger Guns,1
3061,shadow take place,GameRant,1
3062,shadow take place,GameSpot,1
3063,shadow take place,HardcoreGamer,1
3064,shadow take place,TheGamer,1
3065,shadow take place,Twinfinite,1
3066,tail end sengoku,Finger Guns,1
3067,tail end sengoku,GamingBolt,1
3068,end sengoku period,Finger Guns,1
3069,end sengoku period,Gamecritics,1
3070,end sengoku period,GamingBolt,1
3071,end sengoku period,RPGFan,1
3072,end sengoku period,TheGamer,1
3073,lord oda nobunaga,Finger Guns,1
3074,lord oda nobunaga,Order of the Template,1
3075,lord oda nobunaga,PCGamesN,1
3076,oda nobunaga take,Finger Guns,1
3077,oda nobunaga take,Shacknews,1
3078,ongoing civil war,Finger Guns,1
3079,ongoing civil war,Well Played,1
3080,playable protagonist naoe,Finger Guns,1
3081,playable protagonist naoe,GameSpot,1
3082,take everything yasuke,Finger Guns,1
3083,take everything yasuke,Worthplaying,1
3084,opening hour shadow,Finger Guns,1
3085,opening hour shadow,RPG Site,1
3086,point right direction,Finger Guns,1
3087,point right direction,wgtc,1
3088,high enough level,Finger Guns,1
3089,high enough level,Siliconera,1
3090,guided exploration mode,Finger Guns,1
3091,guided exploration mode,wccftech,1
3092,initial 10 hour,Finger Guns,1
3093,initial 10 hour,nme,1
3094,combat last resort,Finger Guns,1
3095,combat last resort,Well Played,1
3096,grapple hook quickly,Finger Guns,1
3097,grapple hook quickly,Stevivor,1
3098,enemy one hit,Finger Guns,1
3099,enemy one hit,Gaming Age,1
3100,one hit kill,Finger Guns,1
3101,one hit kill,gamepressure,1
3102,one hit kill,Gaming Age,1
3103,one hit kill,New Game Network,1
3104,one hit kill,TrueAchievments,1
3105,parkour stealth assassination,Finger Guns,1
3106,parkour stealth assassination,XboxEra,1
3107,interesting story tell,Finger Guns,1
3108,interesting story tell,Shacknews,1
3109,play either character,Finger Guns,1
3110,play either character,Kotaku,1
3111,play either character,PC Gamer,1
3112,play either character,PCGamesN,1
3113,never felt need,Finger Guns,1
3114,never felt need,Hooked Gamers,1
3115,assassin creed combat,Finger Guns,1
3116,assassin creed combat,PC Gamer,1
3117,part assassin creed,Finger Guns,1
3118,part assassin creed,Gamer Escape,1
3119,part assassin creed,GameSpot,2
3120,part assassin creed,GamingTrend,1
3121,part assassin creed,HardcoreGamer,1
3122,part assassin creed,Stevivor,1
3123,part assassin creed,VG247,1
3124,part assassin creed,VGC,1
3125,part assassin creed,wccftech,1
3126,creed shadow focus,Finger Guns,1
3127,creed shadow focus,RPG Site,1
3128,open world get,Finger Guns,1
3129,open world get,VideoGamer,1
3130,game want play,Finger Guns,1
3131,game want play,ZTGD,1
3132,foe almost always,Finger Guns,1
3133,foe almost always,IGN,1
3134,open world activity,Finger Guns,1
3135,open world activity,Gamereactor,1
3136,open world activity,HardcoreGamer,1
3137,open world activity,TheSixthAxis,1
3138,open world activity,Well Played,1
3139,weapon like katanas,Finger Guns,1
3140,weapon like katanas,Gamecritics,1
3141,naoe ability yasuke,Finger Guns,1
3142,naoe ability yasuke,Gamereactor,1
3143,tool shinobi assassin,Finger Guns,1
3144,tool shinobi assassin,GamingTrend,1
3145,knowledge point gain,Finger Guns,1
3146,knowledge point gain,Hey Poor Player,1
3147,knowledge point gain,Ragequit,1
3148,shadow change season,Finger Guns,1
3149,shadow change season,gamepressure,1
3150,shadow change season,PC Gamer,1
3151,change season play,Finger Guns,1
3152,change season play,Gaming Age,1
3153,winter spring summer,Finger Guns,1
3154,winter spring summer,New Game Network,1
3155,spring summer autumn,Finger Guns,1
3156,spring summer autumn,gamepressure,1
3157,spring summer autumn,Windows Central,1
3158,see feudal japan,Finger Guns,1
3159,see feudal japan,XboxEra,1
3160,shadow one best,Finger Guns,1
3161,shadow one best,GamingBible,1
3162,shadow one best,Windows Central,1
3163,time fan series,Finger Guns,1
3164,time fan series,TechRadar,1
3165,creed shadow review ps5,Finger Guns,1
3166,creed shadow review ps5,GamesRadar,1
3167,creed shadow review ps5,PlayStation Universe,1
3168,line assassin creed shadow,Finger Guns,1
3169,line assassin creed shadow,ScreenRant,1
3170,assassin creed shadow part,Finger Guns,1
3171,assassin creed shadow part,The Guardian,1
3172,creed shadow take place,Finger Guns,1
3173,creed shadow take place,GameRant,1
3174,creed shadow take place,HardcoreGamer,1
3175,creed shadow take place,TheGamer,1
3176,tail end sengoku period,Finger Guns,1
3177,tail end sengoku period,GamingBolt,1
3178,enemy one hit kill,Finger Guns,1
3179,enemy one hit kill,Gaming Age,1
3180,part assassin creed shadow,Finger Guns,1
3181,part assassin creed shadow,GamingTrend,1
3182,part assassin creed shadow,HardcoreGamer,1
3183,part assassin creed shadow,Stevivor,1
3184,part assassin creed shadow,wccftech,1
3185,assassin creed shadow focus,Finger Guns,1
3186,assassin creed shadow focus,RPG Site,1
3187,like assassin creed shadow,Finger Guns,1
3188,like assassin creed shadow,Game8,1
3189,like assassin creed shadow,GameRant,1
3190,like assassin creed shadow,Gamereactor,1
3191,like assassin creed shadow,Softpedia,1
3192,long time fan series,Finger Guns,1
3193,long time fan series,TechRadar,1
3194,assassin creed shadow review ps5,Finger Guns,1
3195,assassin creed shadow review ps5,PlayStation Universe,1
3196,assassin creed shadow take place,Finger Guns,1
3197,assassin creed shadow take place,GameRant,1
3198,assassin creed shadow take place,HardcoreGamer,1
3199,assassin creed shadow take place,TheGamer,1
3200,creed shadow first,Game Informer,1
3201,creed shadow first,HardcoreGamer,1
3202,creed shadow first,Loot Level Chill,1
3203,creed shadow first,XboxEra,1
3204,shadow first time,Game Informer,1
3205,shadow first time,PC Gamer,1
3206,creed game series,Game Informer,1
3207,creed game series,GamingBible,1
3208,japan set assassin,Game Informer,1
3209,japan set assassin,TechRadar,1
3210,iga region naoe,Game Informer,1
3211,iga region naoe,Twinfinite,1
3212,naoe call home,Game Informer,1
3213,naoe call home,Worthplaying PC,1
3214,naoe begin journey,Game Informer,1
3215,naoe begin journey,Softpedia,1
3216,large open world,Game Informer,1
3217,large open world,gamepressure,1
3218,large open world,GamingBolt,1
3219,large open world,Twinfinite,2
3220,entry assassin creed,Game Informer,1
3221,entry assassin creed,GameGrin,1
3222,entry assassin creed,Metro News,1
3223,entry assassin creed,Movies Games and Tech,1
3224,entry assassin creed,RPG Site,1
3225,entry assassin creed,TheSixthAxis,1
3226,entry assassin creed,TrueAchievments,1
3227,entry assassin creed,wccftech,1
3228,creed valhalla assassin,Game Informer,1
3229,creed valhalla assassin,GamingBolt,1
3230,valhalla assassin creed,Game Informer,1
3231,valhalla assassin creed,GamingBolt,1
3232,naoe yasuke journey,Game Informer,1
3233,naoe yasuke journey,Gamecritics,1
3234,around shadow naoe,Game Informer,1
3235,around shadow naoe,PlayStation Universe,1
3236,shadow best stealth,Game Informer,1
3237,shadow best stealth,Kotaku,1
3238,shadow best stealth,Stevivor,1
3239,moment to moment,Game Informer,1
3240,moment to moment,GameGrin,1
3241,moment to moment,Shacknews,1
3242,moment to moment,The Verge,1
3243,moment to moment,wccftech,1
3244,to moment gameplay,Game Informer,1
3245,to moment gameplay,GameGrin,1
3246,to moment gameplay,Shacknews,1
3247,to moment gameplay,wccftech,1
3248,level knowledge rank,Game Informer,1
3249,level knowledge rank,TrueAchievments,1
3250,every couple hour,Game Informer,1
3251,every couple hour,GameGrin,1
3252,find lose scroll,Game Informer,1
3253,find lose scroll,Inverse,1
3254,find lose scroll,XboxEra,1
3255,lose scroll temple,Game Informer,1
3256,lose scroll temple,Polygon,1
3257,lose scroll temple,XboxEra,1
3258,scroll temple pray,Game Informer,1
3259,scroll temple pray,Polygon,1
3260,temple pray shrine,Game Informer,1
3261,temple pray shrine,Twinfinite,1
3262,side content leave,Game Informer,1
3263,side content leave,GameRant,1
3264,every assassin creed,Game Informer,1
3265,every assassin creed,GameRant,1
3266,every assassin creed,GamingBolt,1
3267,every assassin creed,Polygon,1
3268,every assassin creed,Softpedia,1
3269,play yasuke naoe,Game Informer,1
3270,play yasuke naoe,GamesRadar,1
3271,play yasuke naoe,PlayStation Universe,1
3272,play yasuke naoe,XboxEra,1
3273,assassin creed shadow first,Game Informer,1
3274,assassin creed shadow first,HardcoreGamer,1
3275,assassin creed shadow first,Loot Level Chill,1
3276,assassin creed shadow first,XboxEra,1
3277,assassin creed game series,Game Informer,1
3278,assassin creed game series,GamingBible,1
3279,assassin creed valhalla assassin,Game Informer,1
3280,assassin creed valhalla assassin,GamingBolt,1
3281,creed valhalla assassin creed,Game Informer,1
3282,creed valhalla assassin creed,GamingBolt,1
3283,moment to moment gameplay,Game Informer,1
3284,moment to moment gameplay,GameGrin,1
3285,moment to moment gameplay,Shacknews,1
3286,moment to moment gameplay,wccftech,1
3287,find lose scroll temple,Game Informer,1
3288,find lose scroll temple,XboxEra,1
3289,lose scroll temple pray,Game Informer,1
3290,lose scroll temple pray,Polygon,1
3291,every assassin creed game,Game Informer,1
3292,every assassin creed game,Polygon,1
3293,every assassin creed game,Softpedia,1
3294,ve play assassin creed game,Game Informer,1
3295,ve play assassin creed game,gamepressure,1
3296,assassin creed valhalla assassin creed,Game Informer,1
3297,assassin creed valhalla assassin creed,GamingBolt,1
3298,series feature two,Game8,1
3299,series feature two,Metro News,1
3300,sengoku era japan,Game8,3
3301,sengoku era japan,GameRant,3
3302,sengoku era japan,Rock Paper Shotgun,1
3303,sengoku era japan,RPG Site,1
3304,sengoku era japan,TrueAchievments,1
3305,sengoku era japan,VG247,1
3306,sengoku era japan,Well Played,1
3307,creed shadow assassin,Game8,1
3308,creed shadow assassin,Siliconera,1
3309,shadow assassin creed,Game8,2
3310,shadow assassin creed,Player2,1
3311,shadow assassin creed,Siliconera,1
3312,shadow assassin creed,XboxAchievements,1
3313,open world action,Game8,2
3314,open world action,Gamecritics,1
3315,open world action,Kotaku,1
3316,open world action,Radio Times,1
3317,entry long running,Game8,1
3318,entry long running,NoisyPixel,1
3319,entry long running,Worthplaying PC,1
3320,set late sengoku,Game8,1
3321,set late sengoku,wccftech,2
3322,protagonist yasuke naoe,Game8,1
3323,protagonist yasuke naoe,TechRadar,1
3324,oda nobunaga seek,Game8,1
3325,oda nobunaga seek,Shacknews,1
3326,opposite side conflict,Game8,1
3327,opposite side conflict,Player2,1
3328,opposite side conflict,Twinfinite,1
3329,conflict decide fate,Game8,1
3330,conflict decide fate,Windows Central,1
3331,era japanese history,Game8,1
3332,era japanese history,GameRant,1
3333,signature open world,Game8,1
3334,signature open world,GamesRadar,1
3335,open world exploration,Game8,1
3336,open world exploration,GamingBible,1
3337,open world exploration,Push Square,1
3338,shadow feature two,Game8,1
3339,shadow feature two,GameSpew,1
3340,open world element,Game8,1
3341,open world element,GameRant,1
3342,animation look good,Game8,1
3343,animation look good,Gamecritics,1
3344,assassin creed assassin,Game8,1
3345,assassin creed assassin,GamesRadar,1
3346,assassin creed assassin,VGC,1
3347,creed assassin creed,Game8,1
3348,creed assassin creed,GamesRadar,1
3349,creed assassin creed,VGC,1
3350,impressive world design,Game8,1
3351,impressive world design,nme,1
3352,feel like assassin,Game8,2
3353,feel like assassin,HardcoreGamer,1
3354,feel like assassin,TheGamer,1
3355,feel like assassin,Well Played,1
3356,feel like assassin,wgtc,1
3357,feel like assassin,ZTGD,1
3358,actually feel like,Game8,1
3359,actually feel like,VG247,1
3360,creed shadow visuals,Game8,1
3361,creed shadow visuals,wccftech,1
3362,assassin creed ever,Game8,1
3363,assassin creed ever,GamesRadar,1
3364,mode japanese portuguese,Game8,1
3365,mode japanese portuguese,TheXboxHub,1
3366,get money worth,Game8,1
3367,get money worth,Gamereactor,1
3368,two new hero,Game8,1
3369,two new hero,TheXboxHub,1
3370,feel like ac,Game8,1
3371,feel like ac,Twinfinite,1
3372,play ac shadow,Game8,1
3373,play ac shadow,Twinfinite,1
3374,naoe embody classic,Game8,1
3375,naoe embody classic,GameRant,1
3376,embody classic assassin,Game8,1
3377,embody classic assassin,GameRant,1
3378,deadly hidden blade,Game8,1
3379,deadly hidden blade,Impulse Gamer,1
3380,assassin creed black,Game8,1
3381,assassin creed black,GamesRadar,1
3382,creed black flag,Game8,1
3383,creed black flag,GamesRadar,1
3384,easy get lose,Game8,1
3385,easy get lose,HardcoreGamer,1
3386,small detail like,Game8,1
3387,small detail like,GameSpot,1
3388,make world feel,Game8,1
3389,make world feel,GamingBolt,2
3390,make world feel,Shacknews,1
3391,make world feel,slant,1
3392,well assassin creed,Game8,1
3393,well assassin creed,Gamereactor,1
3394,assassin creed get,Game8,1
3395,assassin creed get,Gamer Escape,1
3396,time even get,Game8,1
3397,time even get,PlayStation Universe,1
3398,like ubisoft try,Game8,1
3399,like ubisoft try,VG247,1
3400,yasuke feel like,Game8,1
3401,yasuke feel like,RPGFan,1
3402,yasuke feel like,Siliconera,1
3403,yasuke feel like,VGC,1
3404,yasuke feel like,XboxAchievements,1
3405,best part series,Game8,1
3406,best part series,VideoGamer,2
3407,shadow long awaited,Game8,1
3408,shadow long awaited,Windows Central,1
3409,ac game set,Game8,1
3410,ac game set,Hey Poor Player,2
3411,creed shadow worth,Game8,1
3412,creed shadow worth,Metro News,1
3413,creed shadow worth,Twinfinite,1
3414,shadow bad game,Game8,1
3415,shadow bad game,Gaming Age,2
3416,assassin creed shadow assassin,Game8,1
3417,assassin creed shadow assassin,Siliconera,1
3418,creed shadow assassin creed,Game8,1
3419,creed shadow assassin creed,Siliconera,1
3420,shadow assassin creed shadow,Game8,1
3421,shadow assassin creed shadow,Siliconera,1
3422,creed shadow open world,Game8,1
3423,creed shadow open world,GameRant,1
3424,creed shadow open world,Inverse,1
3425,creed shadow open world,TheXboxHub,1
3426,set late sengoku period,Game8,1
3427,set late sengoku period,wccftech,2
3428,creed shadow feature two,Game8,1
3429,creed shadow feature two,GameSpew,1
3430,assassin creed assassin creed,Game8,1
3431,assassin creed assassin creed,GamesRadar,1
3432,assassin creed assassin creed,VGC,1
3433,creed assassin creed shadow,Game8,1
3434,creed assassin creed shadow,VGC,1
3435,feel like assassin creed,Game8,2
3436,feel like assassin creed,Well Played,1
3437,feel like assassin creed,wgtc,1
3438,assassin creed shadow visuals,Game8,1
3439,assassin creed shadow visuals,wccftech,1
3440,classic assassin creed experience,Game8,2
3441,classic assassin creed experience,GamingBible,1
3442,classic assassin creed experience,Worthplaying,1
3443,naoe embody classic assassin,Game8,1
3444,naoe embody classic assassin,GameRant,1
3445,embody classic assassin creed,Game8,1
3446,embody classic assassin creed,GameRant,1
3447,assassin creed black flag,Game8,1
3448,assassin creed black flag,GamesRadar,1
3449,ac game set japan,Game8,1
3450,ac game set japan,Hey Poor Player,1
3451,assassin creed shadow worth,Game8,1
3452,assassin creed shadow worth,Metro News,1
3453,assassin creed shadow worth,Twinfinite,1
3454,assassin creed shadow assassin creed,Game8,1
3455,assassin creed shadow assassin creed,Siliconera,1
3456,creed shadow assassin creed shadow,Game8,1
3457,creed shadow assassin creed shadow,Siliconera,1
3458,assassin creed shadow open world,Game8,1
3459,assassin creed shadow open world,GameRant,1
3460,assassin creed shadow open world,Inverse,1
3461,assassin creed shadow open world,TheXboxHub,1
3462,assassin creed shadow feature two,Game8,1
3463,assassin creed shadow feature two,GameSpew,1
3464,assassin creed assassin creed shadow,Game8,1
3465,assassin creed assassin creed shadow,VGC,1
3466,naoe embody classic assassin creed,Game8,1
3467,naoe embody classic assassin creed,GameRant,1
3468,almost two decade,Gamecritics,1
3469,almost two decade,Order of the Template,1
3470,stealth based gameplay,Gamecritics,1
3471,stealth based gameplay,Push Square,1
3472,action rpg set,Gamecritics,1
3473,action rpg set,Windows Central,1
3474,latter base real,Gamecritics,1
3475,latter base real,Radio Times,1
3476,base real historical,Gamecritics,1
3477,base real historical,GamingBolt,1
3478,base real historical,Radio Times,1
3479,base real historical,The Guardian,1
3480,historical figure name,Gamecritics,1
3481,historical figure name,The Guardian,1
3482,historical figure name,Well Played,1
3483,over the top,Gamecritics,1
3484,over the top,Windows Central,1
3485,over the top,XboxEra,2
3486,control naoe yasuke,Gamecritics,1
3487,control naoe yasuke,Metro News,1
3488,control naoe yasuke,Ragequit,1
3489,control naoe yasuke,Softpedia,1
3490,able switch freely,Gamecritics,1
3491,able switch freely,nme,1
3492,different skill tree,Gamecritics,1
3493,different skill tree,PlayStation Universe,1
3494,different approach combat,Gamecritics,1
3495,different approach combat,GameRant,2
3496,perform double assassination,Gamecritics,1
3497,perform double assassination,Rock Paper Shotgun,1
3498,tool like kunai,Gamecritics,1
3499,tool like kunai,Xbox Tavern,1
3500,naoe also go,Gamecritics,1
3501,naoe also go,Well Played,1
3502,also go prone,Gamecritics,1
3503,also go prone,GamingBolt,1
3504,also go prone,Hey Poor Player,1
3505,also go prone,Stevivor,1
3506,also go prone,Well Played,1
3507,go prone crawl,Gamecritics,1
3508,go prone crawl,GamingBolt,1
3509,go prone crawl,Kotaku,1
3510,go prone crawl,Loot Level Chill,1
3511,go prone crawl,Stevivor,1
3512,go prone crawl,Twinfinite,1
3513,use weapon like,Gamecritics,1
3514,use weapon like,Hey Poor Player,2
3515,take large group,Gamecritics,1
3516,take large group,GameSpot,1
3517,take large group,Kotaku,1
3518,large group enemy,Gamecritics,1
3519,large group enemy,Impulse Gamer,1
3520,large group enemy,Inverse,1
3521,large group enemy,Kotaku,1
3522,large group enemy,PlayStation LifeStyle,1
3523,shadow excellent job,Gamecritics,1
3524,shadow excellent job,Shacknews,1
3525,creed shadow feel,Gamecritics,1
3526,creed shadow feel,GamesHub,1
3527,creed shadow feel,GameSpew,1
3528,creed shadow feel,GamingBible,1
3529,creed shadow feel,GamingBolt,2
3530,creed shadow feel,Loot Level Chill,1
3531,creed shadow feel,RPG Site,1
3532,creed shadow feel,TheEscapist,1
3533,creed shadow feel,TheSixthAxis,1
3534,creed shadow feel,TheXboxHub,1
3535,creed shadow feel,TrueAchievments,2
3536,creed shadow feel,VG247,1
3537,take trip japan,Gamecritics,1
3538,take trip japan,Metro News,1
3539,latter base real historical,Gamecritics,1
3540,latter base real historical,Radio Times,1
3541,base real historical figure,Gamecritics,1
3542,base real historical figure,GamingBolt,1
3543,base real historical figure,Radio Times,1
3544,base real historical figure,The Guardian,1
3545,real historical figure name,Gamecritics,1
3546,real historical figure name,The Guardian,1
3547,naoe also go prone,Gamecritics,1
3548,naoe also go prone,Well Played,1
3549,also go prone crawl,Gamecritics,1
3550,also go prone crawl,GamingBolt,1
3551,also go prone crawl,Stevivor,1
3552,take large group enemy,Gamecritics,1
3553,take large group enemy,Kotaku,1
3554,assassin creed shadow feel,Gamecritics,1
3555,assassin creed shadow feel,GamesHub,1
3556,assassin creed shadow feel,GameSpew,1
3557,assassin creed shadow feel,GamingBible,1
3558,assassin creed shadow feel,GamingBolt,2
3559,assassin creed shadow feel,Loot Level Chill,1
3560,assassin creed shadow feel,RPG Site,1
3561,assassin creed shadow feel,TheEscapist,1
3562,assassin creed shadow feel,TheSixthAxis,1
3563,assassin creed shadow feel,TheXboxHub,1
3564,assassin creed shadow feel,TrueAchievments,1
3565,assassin creed shadow feel,VG247,1
3566,creed shadow feel like,Gamecritics,1
3567,creed shadow feel like,GameSpew,1
3568,creed shadow feel like,GamingBible,1
3569,creed shadow feel like,GamingBolt,1
3570,creed shadow feel like,RPG Site,1
3571,creed shadow feel like,TrueAchievments,2
3572,creed shadow feel like,VG247,1
3573,latter base real historical figure,Gamecritics,1
3574,latter base real historical figure,Radio Times,1
3575,base real historical figure name,Gamecritics,1
3576,base real historical figure name,The Guardian,1
3577,assassin creed shadow feel like,Gamecritics,1
3578,assassin creed shadow feel like,GameSpew,1
3579,assassin creed shadow feel like,GamingBible,1
3580,assassin creed shadow feel like,GamingBolt,1
3581,assassin creed shadow feel like,RPG Site,1
3582,assassin creed shadow feel like,TrueAchievments,1
3583,assassin creed shadow feel like,VG247,1
3584,wait late entry,GameGrin,1
3585,wait late entry,TheSixthAxis,1
3586,late entry assassin,GameGrin,1
3587,late entry assassin,TheSixthAxis,1
3588,feudal japan ubisoft,GameGrin,1
3589,feudal japan ubisoft,Gamereactor,1
3590,feudal japan ubisoft,The Guardian,1
3591,third person action,GameGrin,1
3592,third person action,Twinfinite,1
3593,third person action,wccftech,1
3594,person action adventure,GameGrin,1
3595,person action adventure,Twinfinite,1
3596,two entirely different,GameGrin,1
3597,two entirely different,PlayStation Universe,1
3598,two entirely different,Windows Central,1
3599,shinobi naoe samurai,GameGrin,1
3600,shinobi naoe samurai,ScreenRant,1
3601,naoe samurai yasuke,GameGrin,1
3602,naoe samurai yasuke,Softpedia,1
3603,figure oda nobunaga,GameGrin,1
3604,figure oda nobunaga,Hey Poor Player,1
3605,freely swap yasuke,GameGrin,1
3606,freely swap yasuke,slant,1
3607,different way shinobi,GameGrin,1
3608,different way shinobi,wccftech,1
3609,almost like play,GameGrin,1
3610,almost like play,Gamers Heroes,1
3611,like play two,GameGrin,1
3612,like play two,Gamers Heroes,1
3613,higher level enemy,GameGrin,1
3614,higher level enemy,NoisyPixel,1
3615,time season change,GameGrin,1
3616,time season change,The Verge,1
3617,much side content,GameGrin,1
3618,much side content,Gaming Age,1
3619,back assassin creed,GameGrin,1
3620,back assassin creed,Metro News,1
3621,back assassin creed,Siliconera,1
3622,another new feature,GameGrin,1
3623,another new feature,Twinfinite,1
3624,game without issue,GameGrin,1
3625,game without issue,ZTGD,1
3626,wait late entry assassin,GameGrin,1
3627,wait late entry assassin,TheSixthAxis,1
3628,late entry assassin creed,GameGrin,1
3629,late entry assassin creed,TheSixthAxis,1
3630,entry assassin creed shadow,GameGrin,1
3631,entry assassin creed shadow,RPG Site,1
3632,entry assassin creed shadow,wccftech,1
3633,third person action adventure,GameGrin,1
3634,third person action adventure,Twinfinite,1
3635,almost like play two,GameGrin,1
3636,almost like play two,Gamers Heroes,1
3637,wait late entry assassin creed,GameGrin,1
3638,wait late entry assassin creed,TheSixthAxis,1
3639,play safe assassin,gamepressure,1
3640,play safe assassin,ScreenRant,1
3641,safe assassin creed,gamepressure,1
3642,safe assassin creed,ScreenRant,1
3643,base ps5 version,gamepressure,1
3644,base ps5 version,GameSpew,1
3645,iconic hidden blade,gamepressure,1
3646,iconic hidden blade,Windows Central,1
3647,first hour game,gamepressure,1
3648,first hour game,Softpedia,1
3649,first hour game,Worthplaying PC,1
3650,creed series always,gamepressure,1
3651,creed series always,wccftech,1
3652,installment assassin creed,gamepressure,1
3653,installment assassin creed,Hey Poor Player,1
3654,deal much damage,gamepressure,1
3655,deal much damage,New Game Network,1
3656,even early game,gamepressure,1
3657,even early game,RPG Site,1
3658,light attack heavy,gamepressure,1
3659,light attack heavy,PC Gamer,1
3660,attack heavy attack,gamepressure,1
3661,attack heavy attack,PC Gamer,1
3662,also play key,gamepressure,1
3663,also play key,Well Played,1
3664,play key role,gamepressure,1
3665,play key role,Well Played,1
3666,attack unlock skill,gamepressure,1
3667,attack unlock skill,wccftech,1
3668,skill tree upgrade,gamepressure,1
3669,skill tree upgrade,Gamers Heroes,1
3670,game also feature,gamepressure,2
3671,game also feature,TechRadar,1
3672,allow player make,gamepressure,1
3673,allow player make,wccftech,1
3674,expert difficulty level,gamepressure,1
3675,expert difficulty level,GamingTrend,1
3676,protagonist naoe shinobi,gamepressure,1
3677,protagonist naoe shinobi,GamingTrend,1
3678,protagonist naoe shinobi,TheGamer,1
3679,protagonist naoe shinobi,TrueAchievments,1
3680,thanks grapple hook,gamepressure,1
3681,thanks grapple hook,GameSpew,1
3682,naginata kanabo bow,gamepressure,1
3683,naginata kanabo bow,IGN,1
3684,weapon skill tree,gamepressure,1
3685,weapon skill tree,PC Gamer,1
3686,weapon skill tree,Rock Paper Shotgun,1
3687,main side quest,gamepressure,1
3688,main side quest,wccftech,2
3689,take get use,gamepressure,1
3690,take get use,Push Square,1
3691,take get use,Stevivor,1
3692,previous installment series,gamepressure,1
3693,previous installment series,Softpedia,2
3694,expert difficulty enemy,gamepressure,1
3695,expert difficulty enemy,wccftech,1
3696,extinguish destroy light,gamepressure,1
3697,extinguish destroy light,Worthplaying PC,1
3698,destroy light source,gamepressure,1
3699,destroy light source,GamingBolt,1
3700,destroy light source,Worthplaying PC,1
3701,enable one hit,gamepressure,1
3702,enable one hit,HardcoreGamer,1
3703,creed shadow ps5,gamepressure,1
3704,creed shadow ps5,Hey Poor Player,1
3705,console performance mode,gamepressure,1
3706,console performance mode,Stevivor,1
3707,frame per second,gamepressure,1
3708,frame per second,PlayStation LifeStyle,1
3709,summer autumn winter,gamepressure,1
3710,summer autumn winter,Windows Central,1
3711,lock behind level,gamepressure,1
3712,lock behind level,VGC,1
3713,first open world,gamepressure,1
3714,first open world,Kotaku,1
3715,first open world,ScreenRant,1
3716,first open world,Well Played,1
3717,mountain dense forest,gamepressure,1
3718,mountain dense forest,GameSpot,1
3719,side quest activity,gamepressure,1
3720,side quest activity,The Verge,1
3721,side quest activity,Windows Central,3
3722,play important role,gamepressure,1
3723,play important role,Metro News,1
3724,season assassin creed,gamepressure,1
3725,season assassin creed,Siliconera,1
3726,season assassin creed,Xbox Tavern,1
3727,likely find something,gamepressure,1
3728,likely find something,NoisyPixel,1
3729,nearly 50 hour,gamepressure,1
3730,nearly 50 hour,PC Gamer,1
3731,assassin creed moment,gamepressure,1
3732,assassin creed moment,VG247,1
3733,play safe assassin creed,gamepressure,1
3734,play safe assassin creed,ScreenRant,1
3735,safe assassin creed shadow,gamepressure,1
3736,safe assassin creed shadow,ScreenRant,1
3737,assassin creed series always,gamepressure,1
3738,assassin creed series always,wccftech,1
3739,installment assassin creed series,gamepressure,1
3740,installment assassin creed series,Hey Poor Player,1
3741,light attack heavy attack,gamepressure,1
3742,light attack heavy attack,PC Gamer,1
3743,also play key role,gamepressure,1
3744,also play key role,Well Played,1
3745,two protagonist naoe shinobi,gamepressure,1
3746,two protagonist naoe shinobi,GamingTrend,1
3747,extinguish destroy light source,gamepressure,1
3748,extinguish destroy light source,Worthplaying PC,1
3749,assassin creed shadow ps5,gamepressure,1
3750,assassin creed shadow ps5,Hey Poor Player,1
3751,spring summer autumn winter,gamepressure,1
3752,spring summer autumn winter,Windows Central,1
3753,season assassin creed shadow,gamepressure,1
3754,season assassin creed shadow,Siliconera,1
3755,play safe assassin creed shadow,gamepressure,1
3756,play safe assassin creed shadow,ScreenRant,1
3757,story assassin creed shadow allow,gamepressure,1
3758,story assassin creed shadow allow,XboxEra,1
3759,oda nobunaga conquest,Gamer Escape,1
3760,oda nobunaga conquest,Gamereactor,1
3761,nobunaga conquest japan,Gamer Escape,1
3762,nobunaga conquest japan,Gamereactor,1
3763,shinobi iga region,Gamer Escape,1
3764,shinobi iga region,XboxEra,1
3765,assassin creed time,Gamer Escape,1
3766,assassin creed time,TheGamer,1
3767,make along way,Gamer Escape,1
3768,make along way,GamingTrend,1
3769,yasuke feel bit,Gamer Escape,1
3770,yasuke feel bit,GamingTrend,1
3771,thing open world,Gamer Escape,1
3772,thing open world,Gamereactor,1
3773,world game really,Gamer Escape,1
3774,world game really,Radio Times,1
3775,less assassin creed,Gamer Escape,1
3776,less assassin creed,RPG Site,1
3777,modern game series,Gamer Escape,1
3778,modern game series,GameRant,1
3779,make japan feel,Gamer Escape,1
3780,make japan feel,Shacknews,1
3781,game hold back,Gamer Escape,1
3782,game hold back,Inverse,1
3783,assassin creed part,Gamer Escape,1
3784,assassin creed part,Worthplaying PC,1
3785,fast travel spot,Gamer Escape,1
3786,fast travel spot,Hooked Gamers,1
3787,review copy provide,Gamer Escape,1
3788,review copy provide,Siliconera,1
3789,oda nobunaga conquest japan,Gamer Escape,1
3790,oda nobunaga conquest japan,Gamereactor,1
3791,naoe shinobi iga region,Gamer Escape,1
3792,naoe shinobi iga region,XboxEra,1
3793,open world game really,Gamer Escape,1
3794,open world game really,Radio Times,1
3795,release assassin creed,GameRant,1
3796,release assassin creed,wccftech,1
3797,release assassin creed,ZTGD,1
3798,creed shadow mark,GameRant,1
3799,creed shadow mark,Siliconera,1
3800,creed shadow mark,ZTGD,1
3801,ubisoft long running,GameRant,1
3802,ubisoft long running,Kotaku,1
3803,ubisoft long running,RPG Site,1
3804,long running stealth,GameRant,1
3805,long running stealth,NoisyPixel,1
3806,running stealth action,GameRant,1
3807,running stealth action,NoisyPixel,1
3808,critical commercial success,GameRant,1
3809,critical commercial success,RPGFan,1
3810,assassin creed ubisoft,GameRant,1
3811,assassin creed ubisoft,HardcoreGamer,2
3812,assassin creed ubisoft,Metro News,1
3813,2020 assassin creed,GameRant,1
3814,2020 assassin creed,Windows Central,1
3815,open world formula,GameRant,2
3816,open world formula,GamesRadar,1
3817,open world formula,NoisyPixel,2
3818,open world formula,Shacknews,1
3819,open world formula,Twinfinite,1
3820,open world formula,Windows Central,1
3821,formula assassin creed,GameRant,1
3822,formula assassin creed,Order of the Template,1
3823,formula assassin creed,TheXboxHub,1
3824,announce assassin creed,GameRant,1
3825,announce assassin creed,Gaming Age,1
3826,announce assassin creed,TheSixthAxis,1
3827,creed shadow back,GameRant,1
3828,creed shadow back,Twinfinite,1
3829,open world fatigue,GameRant,1
3830,open world fatigue,Hey Poor Player,1
3831,even though shadow,GameRant,1
3832,even though shadow,TheGamer,1
3833,finally deliver long,GameRant,1
3834,finally deliver long,New Game Network,1
3835,deliver long awaited,GameRant,1
3836,deliver long awaited,New Game Network,1
3837,long awaited feudal,GameRant,1
3838,long awaited feudal,New Game Network,1
3839,long awaited feudal,TrueAchievments,1
3840,awaited feudal japan,GameRant,1
3841,awaited feudal japan,New Game Network,1
3842,awaited feudal japan,TrueAchievments,1
3843,set japan ghost,GameRant,1
3844,set japan ghost,Twinfinite,1
3845,japan ghost tsushima,GameRant,1
3846,japan ghost tsushima,Twinfinite,1
3847,roughly 40 hour,GameRant,1
3848,roughly 40 hour,Siliconera,1
3849,hour complete shadow,GameRant,1
3850,hour complete shadow,HardcoreGamer,1
3851,modern assassin creed,GameRant,3
3852,modern assassin creed,Gamereactor,1
3853,modern assassin creed,Movies Games and Tech,1
3854,modern assassin creed,Polygon,1
3855,modern assassin creed,RPG Site,1
3856,modern assassin creed,wccftech,1
3857,modern assassin creed,Windows Central,1
3858,yet assassin creed,GameRant,1
3859,yet assassin creed,HardcoreGamer,2
3860,sengoku period oda,GameRant,1
3861,sengoku period oda,GamingBolt,1
3862,period oda nobunaga,GameRant,1
3863,period oda nobunaga,GamingBolt,1
3864,oda nobunaga hattori,GameRant,1
3865,oda nobunaga hattori,TheSixthAxis,1
3866,nobunaga hattori hanzo,GameRant,1
3867,nobunaga hattori hanzo,TheSixthAxis,1
3868,large assassin creed,GameRant,1
3869,large assassin creed,GameSpot,1
3870,assassin creed timeline,GameRant,1
3871,assassin creed timeline,ScreenRant,1
3872,creed shadow best,GameRant,1
3873,creed shadow best,GameSpew,1
3874,creed shadow best,GamingBible,1
3875,creed shadow best,GamingTrend,1
3876,creed shadow best,HardcoreGamer,1
3877,creed shadow best,Hooked Gamers,1
3878,creed shadow best,Kotaku,1
3879,creed shadow best,TheGamer,1
3880,creed shadow best,TrueAchievments,1
3881,creed shadow best,VGC,1
3882,creed shadow best,wccftech,1
3883,creed shadow best,XboxEra,1
3884,shadow best assassin,GameRant,1
3885,shadow best assassin,GameSpew,1
3886,shadow best assassin,GamingBible,1
3887,creed game year,GameRant,1
3888,creed game year,Gamereactor,1
3889,creed game year,GamingBible,1
3890,creed game year,GamingBolt,2
3891,creed game year,HardcoreGamer,1
3892,creed game year,Xbox Tavern,1
3893,within assassin creed,GameRant,1
3894,within assassin creed,TheEscapist,2
3895,unlike assassin creed,GameRant,1
3896,unlike assassin creed,Kotaku,1
3897,unlike assassin creed,wccftech,1
3898,shadow naoe yasuke,GameRant,1
3899,shadow naoe yasuke,GameSpot,1
3900,shadow naoe yasuke,GamingBolt,1
3901,shadow naoe yasuke,Order of the Template,1
3902,naoe yasuke twin,GameRant,1
3903,naoe yasuke twin,Windows Central,1
3904,yasuke twin protagonist,GameRant,1
3905,yasuke twin protagonist,Windows Central,1
3906,naoe fictional daughter,GameRant,1
3907,naoe fictional daughter,Twinfinite,1
3908,daughter fujibayashi nagato,GameRant,1
3909,daughter fujibayashi nagato,Hey Poor Player,1
3910,daughter fujibayashi nagato,RPGFan,1
3911,creed shadow main,GameRant,2
3912,creed shadow main,ScreenRant,1
3913,shadow main quest,GameRant,2
3914,shadow main quest,ScreenRant,1
3915,see cross path,GameRant,1
3916,see cross path,Twinfinite,1
3917,protagonist assassin creed,GameRant,1
3918,protagonist assassin creed,GamesHub,2
3919,protagonist assassin creed,GameSpot,1
3920,protagonist assassin creed,Polygon,1
3921,protagonist assassin creed,TheSixthAxis,1
3922,protagonist assassin creed,VGC,1
3923,protagonist assassin creed,XboxEra,1
3924,yasuke naoe dynamic,GameRant,1
3925,yasuke naoe dynamic,NoisyPixel,1
3926,creed shadow gameplay,GameRant,1
3927,creed shadow gameplay,HardcoreGamer,1
3928,creed shadow gameplay,RPGFan,1
3929,creed shadow gameplay,wccftech,1
3930,smoke bomb distract,GameRant,1
3931,smoke bomb distract,Shacknews,1
3932,fight enemy head,GameRant,1
3933,fight enemy head,wccftech,2
3934,enemy head on,GameRant,1
3935,enemy head on,GamingBolt,1
3936,enemy head on,Inverse,1
3937,enemy head on,Player2,1
3938,enemy head on,wccftech,2
3939,make ideal choice,GameRant,1
3940,make ideal choice,Push Square,1
3941,scenario head on,GameRant,1
3942,scenario head on,GameSpew,1
3943,complement one another,GameRant,1
3944,complement one another,Loot Level Chill,1
3945,open world format,GameRant,1
3946,open world format,Gamereactor,1
3947,much open world,GameRant,1
3948,much open world,GamingBible,1
3949,much open world,Push Square,1
3950,much open world,TheEscapist,1
3951,open world sandbox,GameRant,1
3952,open world sandbox,ScreenRant,1
3953,thankfully assassin creed,GameRant,1
3954,thankfully assassin creed,GamingBolt,1
3955,thankfully assassin creed,HardcoreGamer,1
3956,thankfully assassin creed,Order of the Template,1
3957,thankfully assassin creed,Siliconera,1
3958,thankfully assassin creed,TheEscapist,1
3959,weather effect foliage,GameRant,1
3960,weather effect foliage,VGC,1
3961,game photo mode,GameRant,1
3962,game photo mode,Hooked Gamers,1
3963,2020 ghost tsushima,GameRant,1
3964,2020 ghost tsushima,irish_independent,1
3965,japan 16th century,GameRant,1
3966,japan 16th century,TechRadar,1
3967,japan 16th century,TheXboxHub,1
3968,creed shadow map,GameRant,1
3969,creed shadow map,TheEscapist,1
3970,great assassin creed,GameRant,1
3971,great assassin creed,nme,1
3972,great assassin creed,Rock Paper Shotgun,1
3973,optional open world,GameRant,1
3974,optional open world,Well Played,1
3975,main quest assassin,GameRant,2
3976,main quest assassin,TheEscapist,1
3977,quest assassin creed,GameRant,2
3978,quest assassin creed,TheEscapist,1
3979,quest assassin creed,VG247,1
3980,target naoe yasuke,GameRant,1
3981,target naoe yasuke,GameSpot,1
3982,core gameplay loop,GameRant,1
3983,core gameplay loop,GameSpot,1
3984,naoe yasuke take,GameRant,1
3985,naoe yasuke take,Windows Central,1
3986,game base building,GameRant,1
3987,game base building,Radio Times,1
3988,explore assassin creed,GameRant,1
3989,explore assassin creed,wccftech,1
3990,creed shadow world,GameRant,1
3991,creed shadow world,GamesRadar,1
3992,creed shadow world,GamingTrend,1
3993,creed shadow world,Hooked Gamers,1
3994,creed shadow world,Kotaku,1
3995,in game menu,GameRant,2
3996,in game menu,GameSpew,1
3997,gameplay loop assassin,GameRant,1
3998,gameplay loop assassin,Gaming Age,1
3999,loop assassin creed,GameRant,1
4000,loop assassin creed,GameSpot,1
4001,loop assassin creed,Gaming Age,1
4002,creed shadow combat,GameRant,2
4003,creed shadow combat,ScreenRant,1
4004,assassin creed origin,GameRant,1
4005,assassin creed origin,GameSpew,1
4006,assassin creed origin,GamingBible,2
4007,assassin creed origin,GamingBolt,1
4008,assassin creed origin,Inverse,1
4009,assassin creed origin,NoisyPixel,1
4010,assassin creed origin,Polygon,1
4011,assassin creed origin,Push Square,1
4012,assassin creed origin,Ragequit,1
4013,assassin creed origin,TheSixthAxis,1
4014,assassin creed origin,wccftech,1
4015,assassin creed origin,Windows Central,1
4016,combat assassin creed,GameRant,1
4017,combat assassin creed,GamingBolt,1
4018,combat assassin creed,PC Gamer,2
4019,combat assassin creed,TheXboxHub,1
4020,naoe yasuke assassin,GameRant,1
4021,naoe yasuke assassin,GamesHub,1
4022,naoe yasuke assassin,Well Played,1
4023,yasuke assassin creed,GameRant,1
4024,yasuke assassin creed,GamesHub,1
4025,yasuke assassin creed,GameSpew,1
4026,yasuke assassin creed,GamingBible,1
4027,yasuke assassin creed,Stevivor,1
4028,parry unblockable attack,GameRant,1
4029,parry unblockable attack,GameSpot,1
4030,unblockable red attack,GameRant,1
4031,unblockable red attack,PC Gamer,1
4032,enemy become vulnerable,GameRant,1
4033,enemy become vulnerable,Worthplaying PC,1
4034,give way combat,GameRant,1
4035,give way combat,PC Gamer,1
4036,creed shadow protagonist,GameRant,1
4037,creed shadow protagonist,GameSpot,1
4038,enemy naoe also,GameRant,1
4039,enemy naoe also,TrueAchievments,1
4040,entire skill tree,GameRant,1
4041,entire skill tree,Gamers Heroes,1
4042,entire skill tree,Softpedia,1
4043,able assassinate multiple,GameRant,1
4044,able assassinate multiple,Shacknews,1
4045,assassinate multiple enemy,GameRant,1
4046,assassinate multiple enemy,Shacknews,1
4047,multiple enemy time,GameRant,1
4048,multiple enemy time,wccftech,1
4049,one assassin creed,GameRant,1
4050,one assassin creed,GamingBolt,1
4051,one assassin creed,PlayStation LifeStyle,1
4052,one assassin creed,Windows Central,1
4053,creed game assassin,GameRant,1
4054,creed game assassin,GameSpot,1
4055,creed game assassin,HardcoreGamer,1
4056,naoe feel like,GameRant,1
4057,naoe feel like,GameSpot,1
4058,naoe feel like,Stevivor,1
4059,naoe feel like,TrueAchievments,1
4060,origin odyssey especially,GameRant,1
4061,origin odyssey especially,NoisyPixel,1
4062,mid to late,GameRant,1
4063,mid to late,HardcoreGamer,1
4064,complete main story,GameRant,1
4065,complete main story,GameSpew,1
4066,complete main story,PC Gamer,1
4067,complete main story,Rock Paper Shotgun,1
4068,complete main story,Siliconera,1
4069,content assassin creed,GameRant,1
4070,content assassin creed,Stevivor,1
4071,content assassin creed,TheEscapist,1
4072,creed shadow approach,GameRant,1
4073,creed shadow approach,PlayStation LifeStyle,1
4074,path almost always,GameRant,1
4075,path almost always,NoisyPixel,1
4076,see yasuke naoe,GameRant,1
4077,see yasuke naoe,PlayStation Universe,1
4078,complete main quest,GameRant,1
4079,complete main quest,Kotaku,1
4080,creed shadow play,GameRant,1
4081,creed shadow play,GameSpew,1
4082,creed shadow play,Siliconera,1
4083,creed shadow play,TechRadar,1
4084,piece side content,GameRant,1
4085,piece side content,Siliconera,1
4086,could easily spend,GameRant,1
4087,could easily spend,GamingBolt,1
4088,time credit roll,GameRant,1
4089,time credit roll,ScreenRant,1
4090,credit roll assassin,GameRant,1
4091,credit roll assassin,ScreenRant,1
4092,roll assassin creed,GameRant,1
4093,roll assassin creed,ScreenRant,1
4094,roll assassin creed,Windows Central,1
4095,deliver one best,GameRant,1
4096,deliver one best,GamingBolt,1
4097,creed game naoe,GameRant,1
4098,creed game naoe,HardcoreGamer,1
4099,release assassin creed shadow,GameRant,1
4100,release assassin creed shadow,wccftech,1
4101,release assassin creed shadow,ZTGD,1
4102,assassin creed shadow mark,GameRant,1
4103,assassin creed shadow mark,Siliconera,1
4104,assassin creed shadow mark,ZTGD,1
4105,long running stealth action,GameRant,1
4106,long running stealth action,NoisyPixel,1
4107,2020 assassin creed valhalla,GameRant,1
4108,2020 assassin creed valhalla,Windows Central,1
4109,announce assassin creed shadow,GameRant,1
4110,announce assassin creed shadow,Gaming Age,1
4111,announce assassin creed shadow,TheSixthAxis,1
4112,assassin creed shadow back,GameRant,1
4113,assassin creed shadow back,Twinfinite,1
4114,finally deliver long awaited,GameRant,1
4115,finally deliver long awaited,New Game Network,1
4116,deliver long awaited feudal,GameRant,1
4117,deliver long awaited feudal,New Game Network,1
4118,long awaited feudal japan,GameRant,1
4119,long awaited feudal japan,New Game Network,1
4120,long awaited feudal japan,TrueAchievments,1
4121,japan assassin creed game,GameRant,1
4122,japan assassin creed game,GamingBible,1
4123,set japan ghost tsushima,GameRant,1
4124,set japan ghost tsushima,Twinfinite,1
4125,japan ghost tsushima rise,GameRant,1
4126,japan ghost tsushima rise,Twinfinite,1
4127,modern assassin creed game,GameRant,3
4128,modern assassin creed game,Polygon,1
4129,modern assassin creed game,RPG Site,1
4130,modern assassin creed game,Windows Central,1
4131,sengoku period oda nobunaga,GameRant,1
4132,sengoku period oda nobunaga,GamingBolt,1
4133,oda nobunaga hattori hanzo,GameRant,1
4134,oda nobunaga hattori hanzo,TheSixthAxis,1
4135,assassin creed shadow best,GameRant,1
4136,assassin creed shadow best,GameSpew,1
4137,assassin creed shadow best,GamingBible,1
4138,assassin creed shadow best,GamingTrend,1
4139,assassin creed shadow best,HardcoreGamer,1
4140,assassin creed shadow best,Hooked Gamers,1
4141,assassin creed shadow best,Kotaku,1
4142,assassin creed shadow best,TheGamer,1
4143,assassin creed shadow best,TrueAchievments,1
4144,assassin creed shadow best,VGC,1
4145,assassin creed shadow best,wccftech,1
4146,assassin creed shadow best,XboxEra,1
4147,creed shadow best assassin,GameRant,1
4148,creed shadow best assassin,GameSpew,1
4149,creed shadow best assassin,GamingBible,1
4150,shadow best assassin creed,GameRant,1
4151,shadow best assassin creed,GameSpew,1
4152,shadow best assassin creed,GamingBible,1
4153,assassin creed game year,GameRant,1
4154,assassin creed game year,Gamereactor,1
4155,assassin creed game year,GamingBible,1
4156,assassin creed game year,GamingBolt,2
4157,assassin creed game year,HardcoreGamer,1
4158,assassin creed game year,Xbox Tavern,1
4159,naoe yasuke twin protagonist,GameRant,1
4160,naoe yasuke twin protagonist,Windows Central,1
4161,assassin creed shadow main,GameRant,2
4162,assassin creed shadow main,ScreenRant,1
4163,creed shadow main quest,GameRant,2
4164,creed shadow main quest,ScreenRant,1
4165,protagonist assassin creed shadow,GameRant,1
4166,protagonist assassin creed shadow,GamesHub,1
4167,protagonist assassin creed shadow,XboxEra,1
4168,assassin creed shadow gameplay,GameRant,1
4169,assassin creed shadow gameplay,HardcoreGamer,1
4170,assassin creed shadow gameplay,RPGFan,1
4171,assassin creed shadow gameplay,wccftech,1
4172,fight enemy head on,GameRant,1
4173,fight enemy head on,wccftech,2
4174,thankfully assassin creed shadow,GameRant,1
4175,thankfully assassin creed shadow,GamingBolt,1
4176,thankfully assassin creed shadow,HardcoreGamer,1
4177,thankfully assassin creed shadow,Siliconera,1
4178,thankfully assassin creed shadow,TheEscapist,1
4179,assassin creed shadow map,GameRant,1
4180,assassin creed shadow map,TheEscapist,1
4181,main quest assassin creed,GameRant,2
4182,main quest assassin creed,TheEscapist,1
4183,future assassin creed game,GameRant,1
4184,future assassin creed game,GamingBible,1
4185,fan assassin creed game,GameRant,1
4186,fan assassin creed game,ZTGD,1
4187,explore assassin creed shadow,GameRant,1
4188,explore assassin creed shadow,wccftech,1
4189,assassin creed shadow world,GameRant,1
4190,assassin creed shadow world,GamesRadar,1
4191,assassin creed shadow world,GamingTrend,1
4192,assassin creed shadow world,Hooked Gamers,1
4193,assassin creed shadow world,Kotaku,1
4194,gameplay loop assassin creed,GameRant,1
4195,gameplay loop assassin creed,Gaming Age,1
4196,assassin creed shadow combat,GameRant,2
4197,assassin creed shadow combat,ScreenRant,1
4198,combat assassin creed shadow,GameRant,1
4199,combat assassin creed shadow,PC Gamer,2
4200,combat assassin creed shadow,TheXboxHub,1
4201,naoe yasuke assassin creed,GameRant,1
4202,naoe yasuke assassin creed,GamesHub,1
4203,yasuke assassin creed shadow,GameRant,1
4204,yasuke assassin creed shadow,GamesHub,1
4205,yasuke assassin creed shadow,GameSpew,1
4206,yasuke assassin creed shadow,Stevivor,1
4207,assassin creed shadow protagonist,GameRant,1
4208,assassin creed shadow protagonist,GameSpot,1
4209,able assassinate multiple enemy,GameRant,1
4210,able assassinate multiple enemy,Shacknews,1
4211,assassin creed game assassin,GameRant,1
4212,assassin creed game assassin,GameSpot,1
4213,assassin creed game assassin,HardcoreGamer,1
4214,creed game assassin creed,GameRant,1
4215,creed game assassin creed,GameSpot,1
4216,creed game assassin creed,HardcoreGamer,1
4217,content assassin creed shadow,GameRant,1
4218,content assassin creed shadow,Stevivor,1
4219,content assassin creed shadow,TheEscapist,1
4220,assassin creed shadow approach,GameRant,1
4221,assassin creed shadow approach,PlayStation LifeStyle,1
4222,assassin creed shadow play,GameRant,1
4223,assassin creed shadow play,GameSpew,1
4224,assassin creed shadow play,Siliconera,1
4225,assassin creed shadow play,TechRadar,1
4226,time credit roll assassin,GameRant,1
4227,time credit roll assassin,ScreenRant,1
4228,credit roll assassin creed,GameRant,1
4229,credit roll assassin creed,ScreenRant,1
4230,roll assassin creed shadow,GameRant,1
4231,roll assassin creed shadow,ScreenRant,1
4232,roll assassin creed shadow,Windows Central,1
4233,assassin creed game naoe,GameRant,1
4234,assassin creed game naoe,HardcoreGamer,1
4235,finally deliver long awaited feudal,GameRant,1
4236,finally deliver long awaited feudal,New Game Network,1
4237,deliver long awaited feudal japan,GameRant,1
4238,deliver long awaited feudal japan,New Game Network,1
4239,feudal japan assassin creed game,GameRant,1
4240,feudal japan assassin creed game,GamingBible,1
4241,set japan ghost tsushima rise,GameRant,1
4242,set japan ghost tsushima rise,Twinfinite,1
4243,japan ghost tsushima rise ronin,GameRant,1
4244,japan ghost tsushima rise ronin,Twinfinite,1
4245,assassin creed shadow best assassin,GameRant,1
4246,assassin creed shadow best assassin,GameSpew,1
4247,assassin creed shadow best assassin,GamingBible,1
4248,creed shadow best assassin creed,GameRant,1
4249,creed shadow best assassin creed,GameSpew,1
4250,creed shadow best assassin creed,GamingBible,1
4251,shadow best assassin creed game,GameRant,1
4252,shadow best assassin creed game,GameSpew,1
4253,shadow best assassin creed game,GamingBible,1
4254,best assassin creed game year,GameRant,1
4255,best assassin creed game year,GamingBolt,2
4256,best assassin creed game year,HardcoreGamer,1
4257,assassin creed shadow main quest,GameRant,2
4258,assassin creed shadow main quest,ScreenRant,1
4259,naoe yasuke assassin creed shadow,GameRant,1
4260,naoe yasuke assassin creed shadow,GamesHub,1
4261,assassin creed game assassin creed,GameRant,1
4262,assassin creed game assassin creed,GameSpot,1
4263,assassin creed game assassin creed,HardcoreGamer,1
4264,creed game assassin creed shadow,GameRant,1
4265,creed game assassin creed shadow,HardcoreGamer,1
4266,time credit roll assassin creed,GameRant,1
4267,time credit roll assassin creed,ScreenRant,1
4268,credit roll assassin creed shadow,GameRant,1
4269,credit roll assassin creed shadow,ScreenRant,1
4270,rpg like assassin,Gamereactor,1
4271,rpg like assassin,GameSpot,1
4272,challenge assassin creed,Gamereactor,1
4273,challenge assassin creed,The Guardian,1
4274,hour assassin creed,Gamereactor,1
4275,hour assassin creed,PC Gamer,1
4276,hour assassin creed,TheEscapist,2
4277,hour assassin creed,TheSixthAxis,1
4278,hour assassin creed,Windows Central,2
4279,creed shadow different,Gamereactor,1
4280,creed shadow different,Gamers Heroes,1
4281,creed game 2025,Gamereactor,1
4282,creed game 2025,TheEscapist,1
4283,story revolve around,Gamereactor,1
4284,story revolve around,GamesRadar,1
4285,meet along way,Gamereactor,1
4286,meet along way,TheXboxHub,1
4287,open nature game,Gamereactor,1
4288,open nature game,Ragequit,1
4289,nature game fact,Gamereactor,1
4290,nature game fact,Ragequit,1
4291,mission side quest,Gamereactor,1
4292,mission side quest,The Guardian,1
4293,character vastly different,Gamereactor,1
4294,character vastly different,GamesRadar,1
4295,vastly different playstyles,Gamereactor,1
4296,vastly different playstyles,Shacknews,1
4297,naoe make feel,Gamereactor,1
4298,naoe make feel,Movies Games and Tech,1
4299,bull china shop,Gamereactor,1
4300,bull china shop,slant,1
4301,kingdom come deliverance,Gamereactor,1
4302,kingdom come deliverance,Metro News,1
4303,kingdom come deliverance,PC Gamer,1
4304,world feel alive,Gamereactor,1
4305,world feel alive,GameSpot,1
4306,world feel alive,Xbox Tavern,2
4307,open world also,Gamereactor,1
4308,open world also,Inverse,1
4309,use fast travel,Gamereactor,1
4310,use fast travel,Gamers Heroes,1
4311,use fast travel,RPGFan,1
4312,skill tree earn,Gamereactor,1
4313,skill tree earn,New Game Network,1
4314,skill tree earn,PlayStation Universe,1
4315,level complete quest,Gamereactor,1
4316,level complete quest,Hey Poor Player,1
4317,level complete quest,Siliconera,1
4318,skill tree unlock,Gamereactor,1
4319,skill tree unlock,Push Square,1
4320,assassin creed ve,Gamereactor,1
4321,assassin creed ve,Ragequit,1
4322,generation assassin creed,Gamereactor,1
4323,generation assassin creed,GamesHub,1
4324,use grapple hook,Gamereactor,1
4325,use grapple hook,GamingBolt,1
4326,use grapple hook,Stevivor,1
4327,stealth action game,Gamereactor,1
4328,stealth action game,NoisyPixel,1
4329,stealth action game,Stevivor,1
4330,way play game,Gamereactor,1
4331,way play game,XboxAchievements,2
4332,find assassin creed,Gamereactor,1
4333,find assassin creed,Siliconera,1
4334,find assassin creed,wccftech,1
4335,game one hand,Gamereactor,1
4336,game one hand,TechRadar,1
4337,origin odyssey valhalla,Gamereactor,1
4338,origin odyssey valhalla,GameSpew,1
4339,origin odyssey valhalla,GameSpot,1
4340,origin odyssey valhalla,GamingBolt,1
4341,origin odyssey valhalla,GamingTrend,1
4342,origin odyssey valhalla,HardcoreGamer,2
4343,origin odyssey valhalla,PC Gamer,3
4344,origin odyssey valhalla,Push Square,1
4345,origin odyssey valhalla,RPG Site,1
4346,origin odyssey valhalla,RPGFan,1
4347,origin odyssey valhalla,ScreenRant,1
4348,origin odyssey valhalla,Twinfinite,1
4349,origin odyssey valhalla,Windows Central,1
4350,odyssey valhalla shadow,Gamereactor,1
4351,odyssey valhalla shadow,TechRadar,1
4352,rpg like assassin creed,Gamereactor,1
4353,rpg like assassin creed,GameSpot,1
4354,challenge assassin creed shadow,Gamereactor,1
4355,challenge assassin creed shadow,The Guardian,1
4356,hour assassin creed shadow,Gamereactor,1
4357,hour assassin creed shadow,PC Gamer,1
4358,hour assassin creed shadow,TheEscapist,2
4359,hour assassin creed shadow,TheSixthAxis,1
4360,hour assassin creed shadow,Windows Central,2
4361,assassin creed shadow different,Gamereactor,1
4362,assassin creed shadow different,Gamers Heroes,1
4363,experience assassin creed game,Gamereactor,1
4364,experience assassin creed game,Windows Central,1
4365,assassin creed game 2025,Gamereactor,1
4366,assassin creed game 2025,TheEscapist,1
4367,open nature game fact,Gamereactor,1
4368,open nature game fact,Ragequit,1
4369,naoe make feel like,Gamereactor,1
4370,naoe make feel like,Movies Games and Tech,1
4371,find assassin creed shadow,Gamereactor,1
4372,find assassin creed shadow,Siliconera,1
4373,find assassin creed shadow,wccftech,1
4374,time assassin creed shadow,Gamereactor,1
4375,time assassin creed shadow,Gamers Heroes,1
4376,time assassin creed shadow,GameSpew,1
4377,time assassin creed shadow,GamesRadar,1
4378,time assassin creed shadow,Radio Times,1
4379,time assassin creed shadow,Softpedia,1
4380,time assassin creed shadow,TheEscapist,1
4381,time assassin creed shadow,TheXboxHub,1
4382,change assassin creed,Gamers Heroes,1
4383,change assassin creed,Kotaku,1
4384,change assassin creed,ZTGD,1
4385,naoe yasuke incredibly,Gamers Heroes,1
4386,naoe yasuke incredibly,TechRadar,1
4387,complement main story,Gamers Heroes,1
4388,complement main story,Siliconera,1
4389,around every corner,Gamers Heroes,1
4390,around every corner,GamingBolt,1
4391,around every corner,Windows Central,1
4392,every corner assassin,Gamers Heroes,1
4393,every corner assassin,Windows Central,1
4394,corner assassin creed,Gamers Heroes,1
4395,corner assassin creed,Windows Central,1
4396,never get old,Gamers Heroes,1
4397,never get old,VGC,2
4398,one character another,Gamers Heroes,1
4399,one character another,PlayStation Universe,1
4400,target stealth kill,Gamers Heroes,1
4401,target stealth kill,Loot Level Chill,1
4402,play two different,Gamers Heroes,1
4403,play two different,Softpedia,1
4404,two different game,Gamers Heroes,1
4405,two different game,Softpedia,1
4406,two different game,Xbox Tavern,1
4407,force player play,Gamers Heroes,1
4408,force player play,HardcoreGamer,1
4409,standpoint assassin creed,Gamers Heroes,1
4410,standpoint assassin creed,NoisyPixel,1
4411,shadow easily best,Gamers Heroes,1
4412,shadow easily best,Well Played,1
4413,give player much,Gamers Heroes,1
4414,give player much,GamingBible,1
4415,creed shadow another,Gamers Heroes,1
4416,creed shadow another,Rock Paper Shotgun,1
4417,naoe yasuke shine,Gamers Heroes,1
4418,naoe yasuke shine,XboxEra,1
4419,change assassin creed shadow,Gamers Heroes,1
4420,change assassin creed shadow,Kotaku,1
4421,change assassin creed shadow,ZTGD,1
4422,around every corner assassin,Gamers Heroes,1
4423,around every corner assassin,Windows Central,1
4424,every corner assassin creed,Gamers Heroes,1
4425,every corner assassin creed,Windows Central,1
4426,corner assassin creed shadow,Gamers Heroes,1
4427,corner assassin creed shadow,Windows Central,1
4428,play two different game,Gamers Heroes,1
4429,play two different game,Softpedia,1
4430,standpoint assassin creed shadow,Gamers Heroes,1
4431,standpoint assassin creed shadow,NoisyPixel,1
4432,assassin creed shadow another,Gamers Heroes,1
4433,assassin creed shadow another,Rock Paper Shotgun,1
4434,around every corner assassin creed,Gamers Heroes,1
4435,around every corner assassin creed,Windows Central,1
4436,every corner assassin creed shadow,Gamers Heroes,1
4437,every corner assassin creed shadow,Windows Central,1
4438,new console generation,GamesHub,1
4439,new console generation,PlayStation LifeStyle,1
4440,assassin creed manage,GamesHub,1
4441,assassin creed manage,PCGamesN,1
4442,set path revenge,GamesHub,1
4443,set path revenge,Twinfinite,1
4444,name assassin creed,GamesHub,1
4445,name assassin creed,GamingBolt,1
4446,creed shadow attempt,GamesHub,1
4447,creed shadow attempt,TheEscapist,1
4448,army oda nobunaga,GamesHub,1
4449,army oda nobunaga,wccftech,1
4450,like naoe game,GamesHub,1
4451,like naoe game,Siliconera,1
4452,secondary protagonist yasuke,GamesHub,1
4453,secondary protagonist yasuke,GameSpot,1
4454,damage knock enemy,GamesHub,1
4455,damage knock enemy,PC Gamer,1
4456,dual protagonist assassin,GamesHub,1
4457,dual protagonist assassin,XboxEra,1
4458,naoe yasuke feel,GamesHub,1
4459,naoe yasuke feel,Movies Games and Tech,1
4460,naoe yasuke feel,TrueAchievments,1
4461,even dozen hour,GamesHub,1
4462,even dozen hour,GamingTrend,1
4463,member various criminal,GamesHub,1
4464,member various criminal,GamingTrend,1
4465,need take time,GamesHub,1
4466,need take time,Rock Paper Shotgun,1
4467,make assassin creed,GamesHub,1
4468,make assassin creed,GameSpew,1
4469,make assassin creed,GameSpot,2
4470,make assassin creed,Hooked Gamers,1
4471,make assassin creed,IGN,1
4472,make assassin creed,PlayStation Universe,1
4473,make assassin creed,RPGFan,1
4474,make assassin creed,TheGamer,1
4475,make assassin creed,TheSixthAxis,1
4476,make assassin creed,Windows Central,4
4477,approach assassin creed,GamesHub,1
4478,approach assassin creed,GameSpew,1
4479,creed shadow phenomenal,GamesHub,1
4480,creed shadow phenomenal,GamingTrend,1
4481,creed shadow prove,GamesHub,1
4482,creed shadow prove,PCGamesN,2
4483,name assassin creed shadow,GamesHub,1
4484,name assassin creed shadow,GamingBolt,1
4485,assassin creed shadow attempt,GamesHub,1
4486,assassin creed shadow attempt,TheEscapist,1
4487,dual protagonist assassin creed,GamesHub,1
4488,dual protagonist assassin creed,XboxEra,1
4489,make assassin creed shadow,GamesHub,1
4490,make assassin creed shadow,GameSpew,1
4491,make assassin creed shadow,Hooked Gamers,1
4492,make assassin creed shadow,RPGFan,1
4493,make assassin creed shadow,TheGamer,1
4494,make assassin creed shadow,TheSixthAxis,1
4495,make assassin creed shadow,Windows Central,2
4496,approach assassin creed shadow,GamesHub,1
4497,approach assassin creed shadow,GameSpew,1
4498,assassin creed shadow phenomenal,GamesHub,1
4499,assassin creed shadow phenomenal,GamingTrend,1
4500,assassin creed shadow prove,GamesHub,1
4501,assassin creed shadow prove,PCGamesN,2
4502,style assassin creed,GameSpew,1
4503,style assassin creed,GamingBolt,1
4504,style assassin creed,Stevivor,1
4505,style assassin creed,TheEscapist,1
4506,creed shadow represent,GameSpew,1
4507,creed shadow represent,GamingTrend,1
4508,open world vast,GameSpew,1
4509,open world vast,HardcoreGamer,1
4510,element make feel,GameSpew,1
4511,element make feel,GamingTrend,1
4512,creed game overall,GameSpew,1
4513,creed game overall,RPGFan,1
4514,set 16th century,GameSpew,1
4515,set 16th century,GameSpot,1
4516,set 16th century,Kotaku,1
4517,set 16th century,nme,1
4518,set 16th century,Windows Central,1
4519,century japan assassin,GameSpew,1
4520,century japan assassin,GamingBolt,1
4521,century japan assassin,Metro News,1
4522,samurai name yasuke,GameSpew,1
4523,samurai name yasuke,nme,1
4524,samurai name yasuke,Radio Times,1
4525,ninja call naoe,GameSpew,1
4526,ninja call naoe,nme,1
4527,allow player choose,GameSpew,1
4528,allow player choose,Movies Games and Tech,1
4529,able switch two,GameSpew,1
4530,able switch two,Well Played,1
4531,able switch two,XboxAchievements,1
4532,character action game,GameSpew,1
4533,character action game,ScreenRant,1
4534,as much fun,GameSpew,1
4535,as much fun,The Guardian,1
4536,much fun play,GameSpew,1
4537,much fun play,GameSpot,1
4538,much fun play,VGC,1
4539,katana tanto kusarigama,GameSpew,1
4540,katana tanto kusarigama,XboxEra,2
4541,assassin skill tree,GameSpew,1
4542,assassin skill tree,Worthplaying PC,1
4543,fast travel around,GameSpew,1
4544,fast travel around,Polygon,1
4545,switch yasuke naoe,GameSpew,1
4546,switch yasuke naoe,New Game Network,1
4547,switch yasuke naoe,XboxEra,1
4548,explore open world,GameSpew,3
4549,explore open world,Loot Level Chill,1
4550,explore open world,VideoGamer,1
4551,feel little bit,GameSpew,1
4552,feel little bit,GamingTrend,1
4553,go beaten path,GameSpew,1
4554,go beaten path,Siliconera,1
4555,find hidden scroll,GameSpew,1
4556,find hidden scroll,Rock Paper Shotgun,1
4557,want develop character,GameSpew,1
4558,want develop character,Xbox Tavern,1
4559,combat best ever,GameSpew,1
4560,combat best ever,GamesRadar,1
4561,combat best ever,RPGFan,1
4562,best ever assassin,GameSpew,1
4563,best ever assassin,GamesRadar,1
4564,ever assassin creed,GameSpew,1
4565,ever assassin creed,GamesRadar,1
4566,ever assassin creed,GamingBolt,1
4567,ever assassin creed,IGN,1
4568,creed game far,GameSpew,1
4569,creed game far,PlayStation Universe,2
4570,creed shadow even,GameSpew,1
4571,creed shadow even,HardcoreGamer,1
4572,is assassin creed,GameSpew,1
4573,is assassin creed,GamingBible,1
4574,stealth focused gameplay,GameSpew,1
4575,stealth focused gameplay,GamingBible,1
4576,explore feudal japan,GameSpew,1
4577,explore feudal japan,TheSixthAxis,1
4578,consider assassin creed,GameSpew,1
4579,consider assassin creed,wccftech,1
4580,shadow must play,GameSpew,1
4581,shadow must play,Player2,1
4582,best entry series,GameSpew,1
4583,best entry series,VGC,1
4584,best entry series,wccftech,1
4585,best entry series,XboxEra,1
4586,assassin creed shadow represent,GameSpew,1
4587,assassin creed shadow represent,GamingTrend,1
4588,assassin creed game overall,GameSpew,1
4589,assassin creed game overall,RPGFan,1
4590,set 16th century japan,GameSpew,1
4591,set 16th century japan,GameSpot,1
4592,set 16th century japan,Kotaku,1
4593,set 16th century japan,nme,1
4594,16th century japan assassin,GameSpew,1
4595,16th century japan assassin,GamingBolt,1
4596,16th century japan assassin,Metro News,1
4597,century japan assassin creed,GameSpew,1
4598,century japan assassin creed,GamingBolt,1
4599,century japan assassin creed,Metro News,1
4600,combat best ever assassin,GameSpew,1
4601,combat best ever assassin,GamesRadar,1
4602,best ever assassin creed,GameSpew,1
4603,best ever assassin creed,GamesRadar,1
4604,assassin creed game far,GameSpew,1
4605,assassin creed game far,PlayStation Universe,2
4606,assassin creed shadow even,GameSpew,1
4607,assassin creed shadow even,HardcoreGamer,1
4608,is assassin creed shadow,GameSpew,1
4609,is assassin creed shadow,GamingBible,1
4610,like assassin creed origin,GameSpew,1
4611,like assassin creed origin,NoisyPixel,1
4612,like assassin creed origin,Push Square,1
4613,consider assassin creed shadow,GameSpew,1
4614,consider assassin creed shadow,wccftech,1
4615,16th century japan assassin creed,GameSpew,1
4616,16th century japan assassin creed,GamingBolt,1
4617,16th century japan assassin creed,Metro News,1
4618,century japan assassin creed shadow,GameSpew,1
4619,century japan assassin creed shadow,GamingBolt,1
4620,combat best ever assassin creed,GameSpew,1
4621,combat best ever assassin creed,GamesRadar,1
4622,see assassin creed,GameSpot,1
4623,see assassin creed,RPGFan,1
4624,see assassin creed,TheXboxHub,1
4625,see assassin creed,wccftech,1
4626,naoe shinobi fantasy,GameSpot,2
4627,naoe shinobi fantasy,VGC,1
4628,make yasuke samurai,GameSpot,1
4629,make yasuke samurai,GamingTrend,1
4630,first 12 hour,GameSpot,1
4631,first 12 hour,Kotaku,1
4632,fun play assassin,GameSpot,1
4633,fun play assassin,HardcoreGamer,1
4634,fun play assassin,Hey Poor Player,1
4635,best part assassin,GameSpot,1
4636,best part assassin,Stevivor,1
4637,assassin creed always,GameSpot,1
4638,assassin creed always,GamingBible,1
4639,assassin creed always,Order of the Template,1
4640,assassin creed always,PlayStation Universe,1
4641,shadow force play,GameSpot,1
4642,shadow force play,PC Gamer,1
4643,optional side quest,GameSpot,1
4644,optional side quest,Stevivor,1
4645,like hidden blade,GameSpot,1
4646,like hidden blade,IGN,1
4647,low visibility enemy,GameSpot,1
4648,low visibility enemy,Order of the Template,1
4649,run across rooftop,GameSpot,1
4650,run across rooftop,TheGamer,1
4651,assassination quiet yasuke,GameSpot,1
4652,assassination quiet yasuke,ZTGD,1
4653,every time play,GameSpot,1
4654,every time play,GamingTrend,1
4655,every time play,VG247,1
4656,moment play yasuke,GameSpot,1
4657,moment play yasuke,RPGFan,1
4658,naoe yasuke find,GameSpot,1
4659,naoe yasuke find,GamingTrend,1
4660,50 hour runtime,GameSpot,1
4661,50 hour runtime,Inverse,1
4662,assassin creed do,GameSpot,1
4663,assassin creed do,GamesRadar,1
4664,game long time,GameSpot,1
4665,game long time,Windows Central,1
4666,brotherhood templar order,GameSpot,1
4667,brotherhood templar order,wccftech,1
4668,creed game see,GameSpot,1
4669,creed game see,PlayStation Universe,1
4670,creed game see,ZTGD,1
4671,member assassin brotherhood,GameSpot,1
4672,member assassin brotherhood,TechRadar,1
4673,shadow story character,GameSpot,1
4674,shadow story character,RPGFan,1
4675,issue assassin creed,GameSpot,1
4676,issue assassin creed,Twinfinite,1
4677,creed game shadow,GameSpot,1
4678,creed game shadow,GamingBolt,1
4679,creed game shadow,Kotaku,1
4680,creed game shadow,PCGamesN,1
4681,historical event figure,GameSpot,1
4682,historical event figure,The Guardian,1
4683,ubisoft quebec make,GameSpot,1
4684,ubisoft quebec make,XboxAchievements,1
4685,like help keep,GameSpot,1
4686,like help keep,Hooked Gamers,1
4687,keep thing interest,GameSpot,1
4688,keep thing interest,XboxAchievements,1
4689,search next target,GameSpot,1
4690,search next target,TheSixthAxis,1
4691,vision 16th century,GameSpot,1
4692,vision 16th century,PCGamesN,1
4693,character feel like,GameSpot,1
4694,character feel like,RPGFan,1
4695,character feel like,Softpedia,1
4696,absolute blast play,GameSpot,1
4697,absolute blast play,GamingBible,1
4698,see assassin creed shadow,GameSpot,1
4699,see assassin creed shadow,RPGFan,1
4700,see assassin creed shadow,TheXboxHub,1
4701,fun play assassin creed,GameSpot,1
4702,fun play assassin creed,HardcoreGamer,1
4703,fun play assassin creed,Hey Poor Player,1
4704,best part assassin creed,GameSpot,1
4705,best part assassin creed,Stevivor,1
4706,assassin creed game see,GameSpot,1
4707,assassin creed game see,PlayStation Universe,1
4708,like assassin creed game,GameSpot,1
4709,like assassin creed game,GamingBolt,1
4710,like assassin creed game,wgtc,1
4711,assassin creed game shadow,GameSpot,1
4712,assassin creed game shadow,GamingBolt,1
4713,assassin creed game shadow,Kotaku,1
4714,assassin creed game shadow,PCGamesN,1
4715,vision 16th century japan,GameSpot,1
4716,vision 16th century japan,PCGamesN,1
4717,make assassin creed game,GameSpot,1
4718,make assassin creed game,Windows Central,1
4719,like assassin creed game shadow,GameSpot,1
4720,like assassin creed game shadow,GamingBolt,1
4721,best in class,GamesRadar,1
4722,best in class,XboxAchievements,1
4723,stealth action series,GamesRadar,1
4724,stealth action series,IGN,1
4725,stealth action series,NoisyPixel,1
4726,series feudal japan,GamesRadar,1
4727,series feudal japan,TheEscapist,1
4728,nearly two decade,GamesRadar,1
4729,nearly two decade,PCGamesN,1
4730,nearly two decade,PlayStation Universe,1
4731,nearly two decade,Rock Paper Shotgun,1
4732,nearly two decade,TheGamer,1
4733,work assassin creed,GamesRadar,1
4734,work assassin creed,Hey Poor Player,1
4735,work assassin creed,Twinfinite,1
4736,image credit ubisoft,GamesRadar,6
4737,image credit ubisoft,PC Gamer,13
4738,image credit ubisoft,TechRadar,6
4739,date march 20,GamesRadar,1
4740,date march 20,TechRadar,1
4741,samurai yasuke shinobi,GamesRadar,1
4742,samurai yasuke shinobi,Hey Poor Player,1
4743,yasuke shinobi naoe,GamesRadar,1
4744,yasuke shinobi naoe,ScreenRant,1
4745,whether play yasuke,GamesRadar,1
4746,whether play yasuke,PlayStation Universe,1
4747,creed shadow hands,GamesRadar,1
4748,creed shadow hands,GamingBible,1
4749,dual protagonist system,GamesRadar,1
4750,dual protagonist system,TechRadar,3
4751,dual protagonist system,The Verge,1
4752,dual protagonist system,Xbox Tavern,2
4753,yasuke naoe story,GamesRadar,1
4754,yasuke naoe story,Polygon,1
4755,yasuke naoe story,XboxEra,1
4756,give free reign,GamesRadar,1
4757,give free reign,Gaming Age,1
4758,forge upgrade gear,GamesRadar,1
4759,forge upgrade gear,Hey Poor Player,1
4760,upgrade gear dojo,GamesRadar,1
4761,upgrade gear dojo,Hey Poor Player,1
4762,gear dojo train,GamesRadar,1
4763,gear dojo train,Hey Poor Player,1
4764,dojo train ally,GamesRadar,1
4765,dojo train ally,Hey Poor Player,1
4766,dojo train ally,wccftech,1
4767,assassinate samurai daisho,GamesRadar,1
4768,assassinate samurai daisho,HardcoreGamer,1
4769,side activity scatter,GamesRadar,1
4770,side activity scatter,GamingBolt,1
4771,credit ubisoft still,GamesRadar,1
4772,credit ubisoft still,PlayStation Universe,1
4773,like red dead,GamesRadar,1
4774,like red dead,Impulse Gamer,1
4775,creed shadow want,GamesRadar,1
4776,creed shadow want,Push Square,1
4777,creed shadow want,TheGamer,1
4778,whether play yasuke naoe,GamesRadar,1
4779,whether play yasuke naoe,PlayStation Universe,1
4780,assassin creed shadow hands,GamesRadar,1
4781,assassin creed shadow hands,GamingBible,1
4782,forge upgrade gear dojo,GamesRadar,1
4783,forge upgrade gear dojo,Hey Poor Player,1
4784,upgrade gear dojo train,GamesRadar,1
4785,upgrade gear dojo train,Hey Poor Player,1
4786,gear dojo train ally,GamesRadar,1
4787,gear dojo train ally,Hey Poor Player,1
4788,like red dead redemption,GamesRadar,1
4789,like red dead redemption,Impulse Gamer,1
4790,assassin creed shadow want,GamesRadar,1
4791,assassin creed shadow want,Push Square,1
4792,assassin creed shadow want,TheGamer,1
4793,forge upgrade gear dojo train,GamesRadar,1
4794,forge upgrade gear dojo train,Hey Poor Player,1
4795,upgrade gear dojo train ally,GamesRadar,1
4796,upgrade gear dojo train ally,Hey Poor Player,1
4797,creed shadow sure,Gaming Age,1
4798,creed shadow sure,VG247,1
4799,really feel like,Gaming Age,1
4800,really feel like,Kotaku,1
4801,really feel like,TechRadar,1
4802,really feel like,TrueAchievments,1
4803,really feel like,Twinfinite,1
4804,really feel like,VG247,1
4805,really felt like,Gaming Age,1
4806,really felt like,TheEscapist,1
4807,gain new ability,Gaming Age,1
4808,gain new ability,IGN,1
4809,skill tree increase,Gaming Age,1
4810,skill tree increase,Softpedia,1
4811,definitely feel like,Gaming Age,1
4812,definitely feel like,Windows Central,1
4813,season play season,Gaming Age,1
4814,season play season,Push Square,1
4815,without frame generation,Gaming Age,1
4816,without frame generation,GamingTrend,1
4817,new base building,Gaming Age,1
4818,new base building,TechRadar,1
4819,weird roundabout way,Gaming Age,1
4820,weird roundabout way,Push Square,1
4821,assassin creed shadow sure,Gaming Age,1
4822,assassin creed shadow sure,VG247,1
4823,shadow review stunning,GamingBible,1
4824,shadow review stunning,NoisyPixel,1
4825,new high point,GamingBible,2
4826,new high point,Inverse,1
4827,beautiful recreation 16th,GamingBible,1
4828,beautiful recreation 16th,Rock Paper Shotgun,1
4829,recreation 16th century,GamingBible,1
4830,recreation 16th century,PlayStation LifeStyle,1
4831,recreation 16th century,Rock Paper Shotgun,1
4832,recreation 16th century,TheEscapist,1
4833,conclusion assassin creed,GamingBible,1
4834,conclusion assassin creed,Push Square,1
4835,creed shadow everything,GamingBible,1
4836,creed shadow everything,Xbox Tavern,1
4837,still much open,GamingBible,1
4838,still much open,Push Square,1
4839,skill tree weapon,GamingBible,1
4840,skill tree weapon,RPGFan,1
4841,two playable protagonists,GamingBible,1
4842,two playable protagonists,slant,1
4843,mysterious group masked,GamingBible,1
4844,mysterious group masked,Well Played,1
4845,less subtle approach,GamingBible,1
4846,less subtle approach,RPGFan,1
4847,creed game ever,GamingBible,1
4848,creed game ever,VG247,1
4849,yasuke slave take,GamingBible,1
4850,yasuke slave take,Rock Paper Shotgun,1
4851,play completely different,GamingBible,1
4852,play completely different,TheSixthAxis,1
4853,completely different way,GamingBible,1
4854,completely different way,TheSixthAxis,1
4855,different playable character,GamingBible,1
4856,different playable character,Metro News,1
4857,course game find,GamingBible,1
4858,course game find,Shacknews,1
4859,game find hard,GamingBible,1
4860,game find hard,Rock Paper Shotgun,1
4861,playable character around,GamingBible,1
4862,playable character around,Twinfinite,1
4863,gorgeous open world,GamingBible,1
4864,gorgeous open world,Kotaku,2
4865,gorgeous open world,TheEscapist,1
4866,ubisoft ever make,GamingBible,1
4867,ubisoft ever make,GamingTrend,1
4868,best looking game,GamingBible,1
4869,best looking game,Siliconera,1
4870,best looking game,TheGamer,1
4871,remember last time,GamingBible,1
4872,remember last time,ScreenRant,1
4873,make game feel,GamingBible,1
4874,make game feel,RPGFan,1
4875,feel like game,GamingBible,1
4876,feel like game,PlayStation LifeStyle,1
4877,climb torii gate,GamingBible,1
4878,climb torii gate,wccftech,1
4879,base building system,GamingBible,1
4880,base building system,Movies Games and Tech,1
4881,base building system,Radio Times,1
4882,cherry blossom tree,GamingBible,1
4883,cherry blossom tree,TrueAchievments,1
4884,cherry blossom tree,Well Played,1
4885,cherry blossom tree,Worthplaying,1
4886,introduce assassin creed,GamingBible,1
4887,introduce assassin creed,The Verge,1
4888,one best game,GamingBible,1
4889,one best game,TheSixthAxis,1
4890,one best game,Windows Central,1
4891,best game year,GamingBible,1
4892,best game year,TheSixthAxis,1
4893,jaw dropping visuals,GamingBible,1
4894,jaw dropping visuals,Inverse,1
4895,jaw dropping visuals,TheSixthAxis,1
4896,stealth action exploration,GamingBible,1
4897,stealth action exploration,wgtc,1
4898,stealth combat two,GamingBible,1
4899,stealth combat two,New Game Network,1
4900,ghost tsushima assassin,GamingBible,1
4901,ghost tsushima assassin,New Game Network,1
4902,tsushima assassin creed,GamingBible,1
4903,tsushima assassin creed,New Game Network,1
4904,review code provide,GamingBible,1
4905,review code provide,slant,1
4906,creed shadow review stunning,GamingBible,1
4907,creed shadow review stunning,NoisyPixel,1
4908,beautiful recreation 16th century,GamingBible,1
4909,beautiful recreation 16th century,Rock Paper Shotgun,1
4910,recreation 16th century japan,GamingBible,1
4911,recreation 16th century japan,PlayStation LifeStyle,1
4912,recreation 16th century japan,Rock Paper Shotgun,1
4913,recreation 16th century japan,TheEscapist,1
4914,conclusion assassin creed shadow,GamingBible,1
4915,conclusion assassin creed shadow,Push Square,1
4916,assassin creed shadow everything,GamingBible,1
4917,assassin creed shadow everything,Xbox Tavern,1
4918,want assassin creed game,GamingBible,1
4919,want assassin creed game,Siliconera,1
4920,want assassin creed game,TheSixthAxis,1
4921,shadow feel like ubisoft,GamingBible,1
4922,shadow feel like ubisoft,VG247,1
4923,still much open world,GamingBible,1
4924,still much open world,Push Square,1
4925,much open world rpg,GamingBible,1
4926,much open world rpg,Push Square,1
4927,lot assassin creed shadow,GamingBible,1
4928,lot assassin creed shadow,PlayStation Universe,1
4929,lot assassin creed shadow,RPGFan,1
4930,assassin creed game ever,GamingBible,1
4931,assassin creed game ever,VG247,1
4932,play completely different way,GamingBible,1
4933,play completely different way,TheSixthAxis,1
4934,creed shadow one best,GamingBible,1
4935,creed shadow one best,Windows Central,1
4936,shadow one best game,GamingBible,1
4937,shadow one best game,Windows Central,1
4938,ghost tsushima assassin creed,GamingBible,1
4939,ghost tsushima assassin creed,New Game Network,1
4940,assassin creed shadow review stunning,GamingBible,1
4941,assassin creed shadow review stunning,NoisyPixel,1
4942,beautiful recreation 16th century japan,GamingBible,1
4943,beautiful recreation 16th century japan,Rock Paper Shotgun,1
4944,creed shadow feel like ubisoft,GamingBible,1
4945,creed shadow feel like ubisoft,VG247,1
4946,still much open world rpg,GamingBible,1
4947,still much open world rpg,Push Square,1
4948,assassin creed shadow one best,GamingBible,1
4949,assassin creed shadow one best,Windows Central,1
4950,creed shadow one best game,GamingBible,1
4951,creed shadow one best game,Windows Central,1
4952,lot rid assassin,GamingBolt,1
4953,lot rid assassin,HardcoreGamer,1
4954,lot rid assassin,Impulse Gamer,1
4955,lot rid assassin,Well Played,1
4956,rid assassin creed,GamingBolt,1
4957,rid assassin creed,HardcoreGamer,1
4958,rid assassin creed,Impulse Gamer,1
4959,rid assassin creed,Well Played,1
4960,creed shadow arrive,GamingBolt,1
4961,creed shadow arrive,PlayStation Universe,1
4962,creed shadow arrive,Shacknews,1
4963,arrive time ubisoft,GamingBolt,1
4964,arrive time ubisoft,PlayStation Universe,1
4965,creed franchise also,GamingBolt,1
4966,creed franchise also,Softpedia,1
4967,creed game set,GamingBolt,2
4968,creed game set,Push Square,1
4969,creed game set,Siliconera,1
4970,creed game set,TheSixthAxis,1
4971,creed game set,VGC,1
4972,long running franchise,GamingBolt,1
4973,long running franchise,Metro News,1
4974,long running franchise,XboxEra,1
4975,bring assassin creed,GamingBolt,2
4976,bring assassin creed,TheEscapist,1
4977,game year set,GamingBolt,1
4978,game year set,Xbox Tavern,1
4979,set late 16th,GamingBolt,1
4980,set late 16th,wccftech,1
4981,creed shadow tell,GamingBolt,1
4982,creed shadow tell,HardcoreGamer,1
4983,creed shadow tell,Softpedia,1
4984,shadow tell story,GamingBolt,1
4985,shadow tell story,Softpedia,1
4986,shadow tell story,XboxAchievements,1
4987,yasuke african samurai,GamingBolt,1
4988,yasuke african samurai,Stevivor,1
4989,naoe young shinobi,GamingBolt,1
4990,naoe young shinobi,Shacknews,1
4991,ubisoft quebec prove,GamingBolt,1
4992,ubisoft quebec prove,Twinfinite,1
4993,shadow follow footstep,GamingBolt,1
4994,shadow follow footstep,Push Square,1
4995,creed shadow fall,GamingBolt,1
4996,creed shadow fall,PlayStation LifeStyle,1
4997,creed shadow fall,Siliconera,1
4998,main story cutscenes,GamingBolt,2
4999,main story cutscenes,Push Square,1
5000,impression assassin creed,GamingBolt,2
5001,impression assassin creed,TrueAchievments,1
5002,assassin creed feudal,GamingBolt,1
5003,assassin creed feudal,Well Played,1
5004,creed feudal japan,GamingBolt,1
5005,creed feudal japan,Well Played,1
5006,get wrong still,GamingBolt,1
5007,get wrong still,Push Square,1
5008,huge open world,GamingBolt,1
5009,huge open world,Impulse Gamer,1
5010,huge open world,TechRadar,1
5011,huge open world,VG247,1
5012,observe world around,GamingBolt,1
5013,observe world around,TrueAchievments,1
5014,creed shadow japan,GamingBolt,1
5015,creed shadow japan,ScreenRant,1
5016,creed shadow japan,TheEscapist,1
5017,dynamic seasonal change,GamingBolt,1
5018,dynamic seasonal change,Movies Games and Tech,1
5019,shadow find way,GamingBolt,1
5020,shadow find way,IGN,2
5021,central base operation,GamingBolt,1
5022,central base operation,Push Square,1
5023,learn new kata,GamingBolt,1
5024,learn new kata,Hey Poor Player,1
5025,thing shadow really,GamingBolt,1
5026,thing shadow really,PlayStation Universe,1
5027,feudal japan feel,GamingBolt,2
5028,feudal japan feel,Order of the Template,1
5029,feudal japan feel,Push Square,1
5030,grappling hook make,GamingBolt,2
5031,grappling hook make,slant,1
5032,grappling hook make,wccftech,1
5033,creed origin odyssey,GamingBolt,1
5034,creed origin odyssey,Inverse,1
5035,creed origin odyssey,NoisyPixel,1
5036,creed origin odyssey,Push Square,1
5037,creed origin odyssey,Windows Central,1
5038,area assassin creed,GamingBolt,1
5039,area assassin creed,Order of the Template,1
5040,day assassin creed,GamingBolt,1
5041,day assassin creed,PC Gamer,1
5042,day assassin creed,RPG Site,1
5043,day assassin creed,TheEscapist,1
5044,day assassin creed,wgtc,1
5045,past assassin creed,GamingBolt,2
5046,past assassin creed,Inverse,1
5047,focus stealth get,GamingBolt,1
5048,focus stealth get,New Game Network,1
5049,tool smoke bomb,GamingBolt,1
5050,tool smoke bomb,XboxEra,1
5051,spot mark enemy,GamingBolt,1
5052,spot mark enemy,Twinfinite,1
5053,mark enemy wall,GamingBolt,1
5054,mark enemy wall,slant,1
5055,creed shadow incredible,GamingBolt,2
5056,creed shadow incredible,Windows Central,1
5057,version 16th century,GamingBolt,2
5058,version 16th century,Siliconera,1
5059,creed shadow also,GamingBolt,1
5060,creed shadow also,RPG Site,1
5061,creed shadow also,TechRadar,1
5062,creed shadow also,wccftech,2
5063,creed shadow also,Windows Central,2
5064,naoe yasuke become,GamingBolt,1
5065,naoe yasuke become,wccftech,1
5066,eliminate light source,GamingBolt,1
5067,eliminate light source,PC Gamer,1
5068,light source become,GamingBolt,1
5069,light source become,PC Gamer,1
5070,light source become,Worthplaying PC,1
5071,perfectly time dodge,GamingBolt,1
5072,perfectly time dodge,Stevivor,1
5073,time dodge parry,GamingBolt,1
5074,time dodge parry,Twinfinite,1
5075,dodge parry feel,GamingBolt,1
5076,dodge parry feel,The Guardian,1
5077,bow teppo rifle,GamingBolt,1
5078,bow teppo rifle,TrueAchievments,1
5079,combat stealth also,GamingBolt,1
5080,combat stealth also,TechRadar,1
5081,naoe yasuke share,GamingBolt,1
5082,naoe yasuke share,GamingTrend,1
5083,naoe yasuke share,Hey Poor Player,1
5084,number go high,GamingBolt,1
5085,number go high,Well Played,1
5086,also new mastery,GamingBolt,1
5087,also new mastery,GamingTrend,1
5088,new mastery system,GamingBolt,1
5089,new mastery system,GamingTrend,1
5090,skill tree character,GamingBolt,1
5091,skill tree character,Softpedia,1
5092,knowledge point earn,GamingBolt,1
5093,knowledge point earn,Loot Level Chill,1
5094,point earn complete,GamingBolt,1
5095,point earn complete,Loot Level Chill,1
5096,open world side,GamingBolt,1
5097,open world side,TheXboxHub,1
5098,side activity like,GamingBolt,1
5099,side activity like,Ragequit,1
5100,side activity like,Twinfinite,1
5101,look assassin creed,GamingBolt,1
5102,look assassin creed,PlayStation Universe,1
5103,naoe yasuke great,GamingBolt,1
5104,naoe yasuke great,Push Square,1
5105,yasuke great protagonist,GamingBolt,1
5106,yasuke great protagonist,Push Square,1
5107,system look absolutely,GamingBolt,1
5108,system look absolutely,PlayStation Universe,1
5109,copy game provide,GamingBolt,1
5110,copy game provide,RPG Site,1
5111,copy game provide,ZTGD,1
5112,lot rid assassin creed,GamingBolt,1
5113,lot rid assassin creed,HardcoreGamer,1
5114,lot rid assassin creed,Impulse Gamer,1
5115,lot rid assassin creed,Well Played,1
5116,rid assassin creed shadow,GamingBolt,1
5117,rid assassin creed shadow,HardcoreGamer,1
5118,rid assassin creed shadow,Impulse Gamer,1
5119,rid assassin creed shadow,Well Played,1
5120,assassin creed shadow arrive,GamingBolt,1
5121,assassin creed shadow arrive,PlayStation Universe,1
5122,assassin creed shadow arrive,Shacknews,1
5123,assassin creed franchise also,GamingBolt,1
5124,assassin creed franchise also,Softpedia,1
5125,finally assassin creed game,GamingBolt,1
5126,finally assassin creed game,RPGFan,1
5127,assassin creed game set,GamingBolt,2
5128,assassin creed game set,Push Square,1
5129,assassin creed game set,Siliconera,1
5130,assassin creed game set,TheSixthAxis,1
5131,assassin creed game set,VGC,1
5132,creed game set feudal,GamingBolt,1
5133,creed game set feudal,TheSixthAxis,1
5134,creed game year set,GamingBolt,1
5135,creed game year set,Xbox Tavern,1
5136,set late 16th century,GamingBolt,1
5137,set late 16th century,wccftech,1
5138,assassin creed shadow tell,GamingBolt,1
5139,assassin creed shadow tell,HardcoreGamer,1
5140,assassin creed shadow tell,Softpedia,1
5141,creed shadow tell story,GamingBolt,1
5142,creed shadow tell story,Softpedia,1
5143,assassin creed shadow fall,GamingBolt,1
5144,assassin creed shadow fall,PlayStation LifeStyle,1
5145,assassin creed shadow fall,Siliconera,1
5146,impression assassin creed shadow,GamingBolt,2
5147,impression assassin creed shadow,TrueAchievments,1
5148,assassin creed feudal japan,GamingBolt,1
5149,assassin creed feudal japan,Well Played,1
5150,assassin creed shadow japan,GamingBolt,1
5151,assassin creed shadow japan,ScreenRant,1
5152,assassin creed shadow japan,TheEscapist,1
5153,assassin creed origin odyssey,GamingBolt,1
5154,assassin creed origin odyssey,Inverse,1
5155,assassin creed origin odyssey,NoisyPixel,1
5156,assassin creed origin odyssey,Push Square,1
5157,assassin creed origin odyssey,Windows Central,1
5158,creed origin odyssey valhalla,GamingBolt,1
5159,creed origin odyssey valhalla,Push Square,1
5160,creed origin odyssey valhalla,Windows Central,1
5161,area assassin creed shadow,GamingBolt,1
5162,area assassin creed shadow,Order of the Template,1
5163,mechanic assassin creed shadow,GamingBolt,2
5164,mechanic assassin creed shadow,RPG Site,1
5165,assassin creed shadow incredible,GamingBolt,2
5166,assassin creed shadow incredible,Windows Central,1
5167,assassin creed shadow also,GamingBolt,1
5168,assassin creed shadow also,RPG Site,1
5169,assassin creed shadow also,wccftech,2
5170,assassin creed shadow also,Windows Central,2
5171,eliminate light source become,GamingBolt,1
5172,eliminate light source become,PC Gamer,1
5173,also new mastery system,GamingBolt,1
5174,also new mastery system,GamingTrend,1
5175,creed game set japan,GamingBolt,1
5176,creed game set japan,Push Square,1
5177,creed game set japan,Siliconera,1
5178,creed game set japan,VGC,1
5179,naoe yasuke great protagonist,GamingBolt,1
5180,naoe yasuke great protagonist,Push Square,1
5181,lot rid assassin creed shadow,GamingBolt,1
5182,lot rid assassin creed shadow,HardcoreGamer,1
5183,lot rid assassin creed shadow,Impulse Gamer,1
5184,lot rid assassin creed shadow,Well Played,1
5185,assassin creed game set feudal,GamingBolt,1
5186,assassin creed game set feudal,TheSixthAxis,1
5187,creed game set feudal japan,GamingBolt,1
5188,creed game set feudal japan,TheSixthAxis,1
5189,assassin creed game year set,GamingBolt,1
5190,assassin creed game year set,Xbox Tavern,1
5191,set late 16th century japan,GamingBolt,1
5192,set late 16th century japan,wccftech,1
5193,assassin creed shadow tell story,GamingBolt,1
5194,assassin creed shadow tell story,Softpedia,1
5195,assassin creed origin odyssey valhalla,GamingBolt,1
5196,assassin creed origin odyssey valhalla,Push Square,1
5197,assassin creed origin odyssey valhalla,Windows Central,1
5198,assassin creed game set japan,GamingBolt,1
5199,assassin creed game set japan,Push Square,1
5200,assassin creed game set japan,Siliconera,1
5201,assassin creed game set japan,VGC,1
5202,unify nation japan,GamingTrend,1
5203,unify nation japan,Polygon,1
5204,favorite assassin creed,GamingTrend,1
5205,favorite assassin creed,Kotaku,1
5206,favorite assassin creed,ZTGD,1
5207,black flag odyssey,GamingTrend,1
5208,black flag odyssey,Player2,1
5209,japan sengoku period,GamingTrend,1
5210,japan sengoku period,nme,1
5211,japan sengoku period,Order of the Template,1
5212,japan sengoku period,RPG Site,1
5213,japan sengoku period,ScreenRant,1
5214,japan sengoku period,Twinfinite,1
5215,warlord like nobunaga,GamingTrend,1
5216,warlord like nobunaga,RPG Site,1
5217,dozen hour game,GamingTrend,1
5218,dozen hour game,Softpedia,1
5219,dozen hour game,Twinfinite,1
5220,dozen hour game,Windows Central,1
5221,first game series,GamingTrend,1
5222,first game series,Softpedia,1
5223,yasuke share progression,GamingTrend,1
5224,yasuke share progression,Hey Poor Player,1
5225,want spend time,GamingTrend,1
5226,want spend time,Siliconera,1
5227,want spend time,TheEscapist,1
5228,need spend time,GamingTrend,2
5229,need spend time,Twinfinite,1
5230,specific weapon type,GamingTrend,1
5231,specific weapon type,Siliconera,1
5232,game ever make,GamingTrend,1
5233,game ever make,VG247,1
5234,game ever make,VGC,1
5235,time play one,GamingTrend,1
5236,time play one,Inverse,1
5237,band teke teke,GamingTrend,1
5238,band teke teke,VG247,1
5239,like kunai smoke,GamingTrend,1
5240,like kunai smoke,Xbox Tavern,1
5241,hidden blade eagle,GamingTrend,1
5242,hidden blade eagle,Shacknews,1
5243,attack stealth kill,GamingTrend,1
5244,attack stealth kill,Xbox Tavern,1
5245,step right direction,GamingTrend,1
5246,step right direction,Hey Poor Player,1
5247,step right direction,Inverse,2
5248,ability go prone,GamingTrend,1
5249,ability go prone,Impulse Gamer,1
5250,ability go prone,TheGamer,1
5251,pillar assassin creed,GamingTrend,1
5252,pillar assassin creed,HardcoreGamer,2
5253,multiple difficulty level,GamingTrend,1
5254,multiple difficulty level,NoisyPixel,1
5255,multiple difficulty level,TechRadar,1
5256,splinter cell series,GamingTrend,1
5257,splinter cell series,PlayStation LifeStyle,1
5258,two three hit,GamingTrend,1
5259,two three hit,Worthplaying PC,1
5260,real world money,GamingTrend,1
5261,real world money,TrueAchievments,1
5262,odyssey valhalla mirage,GamingTrend,1
5263,odyssey valhalla mirage,HardcoreGamer,1
5264,creed game one,GamingTrend,1
5265,creed game one,VGC,1
5266,geforce rtx 4080,GamingTrend,1
5267,geforce rtx 4080,NoisyPixel,1
5268,game look run,GamingTrend,1
5269,game look run,XboxEra,1
5270,like cult kosmos,GamingTrend,1
5271,like cult kosmos,Worthplaying,1
5272,stockpile scout smuggle,GamingTrend,1
5273,stockpile scout smuggle,TrueAchievments,1
5274,target assassin creed,GamingTrend,1
5275,target assassin creed,Polygon,1
5276,one favorite thing,GamingTrend,1
5277,one favorite thing,Polygon,1
5278,thing assassin creed,GamingTrend,1
5279,thing assassin creed,Radio Times,1
5280,favorite assassin creed game,GamingTrend,1
5281,favorite assassin creed game,ZTGD,1
5282,naoe yasuke share progression,GamingTrend,1
5283,naoe yasuke share progression,Hey Poor Player,1
5284,like kunai smoke bomb,GamingTrend,1
5285,like kunai smoke bomb,Xbox Tavern,1
5286,assassin creed game one,GamingTrend,1
5287,assassin creed game one,VGC,1
5288,thing assassin creed shadow,GamingTrend,1
5289,thing assassin creed shadow,Radio Times,1
5290,shadow first mainline,HardcoreGamer,1
5291,shadow first mainline,Loot Level Chill,1
5292,first mainline entry,HardcoreGamer,1
5293,first mainline entry,Loot Level Chill,1
5294,place feudal japan,HardcoreGamer,1
5295,place feudal japan,TheXboxHub,1
5296,final stage sengoku,HardcoreGamer,1
5297,final stage sengoku,TheXboxHub,1
5298,final stage sengoku,ZTGD,1
5299,stage sengoku period,HardcoreGamer,1
5300,stage sengoku period,TheXboxHub,1
5301,stage sengoku period,ZTGD,1
5302,creed shadow return,HardcoreGamer,1
5303,creed shadow return,Stevivor,1
5304,return form assassin,HardcoreGamer,1
5305,return form assassin,Hooked Gamers,1
5306,return form assassin,TheEscapist,1
5307,form assassin creed,HardcoreGamer,1
5308,form assassin creed,Hooked Gamers,1
5309,form assassin creed,TheEscapist,1
5310,know open world,HardcoreGamer,1
5311,know open world,Radio Times,1
5312,creed game without,HardcoreGamer,1
5313,creed game without,TrueAchievments,1
5314,typical assassin creed,HardcoreGamer,1
5315,typical assassin creed,IGN,1
5316,typical assassin creed,nme,1
5317,typical assassin creed,Push Square,1
5318,typical assassin creed,wccftech,1
5319,parkour stealth combat,HardcoreGamer,2
5320,parkour stealth combat,IGN,1
5321,bell smoke bomb,HardcoreGamer,1
5322,bell smoke bomb,New Game Network,1
5323,bell smoke bomb,XboxEra,1
5324,smoke bomb etc,HardcoreGamer,1
5325,smoke bomb etc,Ragequit,1
5326,leap across rooftop,HardcoreGamer,1
5327,leap across rooftop,Xbox Tavern,1
5328,one hit assassination,HardcoreGamer,3
5329,one hit assassination,TechRadar,1
5330,open world best,HardcoreGamer,1
5331,open world best,VideoGamer,1
5332,one on one,HardcoreGamer,1
5333,one on one,PlayStation LifeStyle,1
5334,one on one,ScreenRant,1
5335,one on one,TechRadar,2
5336,one on one,The Guardian,1
5337,one on one,XboxEra,1
5338,creed shadow learn,HardcoreGamer,1
5339,creed shadow learn,TheEscapist,1
5340,stealth naoe combat,HardcoreGamer,1
5341,stealth naoe combat,Push Square,1
5342,creed syndicate also,HardcoreGamer,1
5343,creed syndicate also,Inverse,1
5344,feature dual protagonist,HardcoreGamer,1
5345,feature dual protagonist,PlayStation LifeStyle,1
5346,feature dual protagonist,XboxEra,1
5347,fun stealth combat,HardcoreGamer,1
5348,fun stealth combat,Inverse,1
5349,exclusively current gen,HardcoreGamer,1
5350,exclusively current gen,Stevivor,1
5351,current gen console,HardcoreGamer,1
5352,current gen console,PlayStation Universe,1
5353,current gen console,Stevivor,1
5354,creed shadow deliver,HardcoreGamer,1
5355,creed shadow deliver,Movies Games and Tech,1
5356,creed shadow deliver,RPGFan,1
5357,never feel quite,HardcoreGamer,1
5358,never feel quite,Rock Paper Shotgun,1
5359,feel quite right,HardcoreGamer,1
5360,feel quite right,Rock Paper Shotgun,1
5361,realistic character model,HardcoreGamer,1
5362,realistic character model,PlayStation Universe,1
5363,great focus stealth,HardcoreGamer,1
5364,great focus stealth,Loot Level Chill,1
5365,vast open world,HardcoreGamer,1
5366,vast open world,Push Square,1
5367,shadow continue series,HardcoreGamer,1
5368,shadow continue series,XboxAchievements,1
5369,action adventure story,HardcoreGamer,1
5370,action adventure story,Siliconera,1
5371,adventure story set,HardcoreGamer,1
5372,adventure story set,Siliconera,1
5373,story set feudal,HardcoreGamer,1
5374,story set feudal,Siliconera,1
5375,feudal japan become,HardcoreGamer,1
5376,feudal japan become,Siliconera,1
5377,japan become lethal,HardcoreGamer,1
5378,japan become lethal,Siliconera,1
5379,become lethal shinobi,HardcoreGamer,1
5380,become lethal shinobi,Siliconera,1
5381,lethal shinobi assassin,HardcoreGamer,1
5382,lethal shinobi assassin,Siliconera,1
5383,shinobi assassin powerful,HardcoreGamer,1
5384,shinobi assassin powerful,Siliconera,1
5385,assassin powerful legendary,HardcoreGamer,1
5386,assassin powerful legendary,Siliconera,1
5387,powerful legendary samurai,HardcoreGamer,1
5388,powerful legendary samurai,Siliconera,1
5389,legendary samurai explore,HardcoreGamer,1
5390,legendary samurai explore,Siliconera,1
5391,samurai explore beautiful,HardcoreGamer,1
5392,samurai explore beautiful,Siliconera,1
5393,explore beautiful open,HardcoreGamer,1
5394,explore beautiful open,Siliconera,1
5395,beautiful open world,HardcoreGamer,1
5396,beautiful open world,Siliconera,1
5397,open world time,HardcoreGamer,1
5398,open world time,Siliconera,1
5399,world time chaos,HardcoreGamer,1
5400,world time chaos,Siliconera,1
5401,naoe shinobi assassin,HardcoreGamer,1
5402,naoe shinobi assassin,TheXboxHub,1
5403,naoe shinobi assassin,TrueAchievments,1
5404,shinobi assassin yasuke,HardcoreGamer,1
5405,shinobi assassin yasuke,TrueAchievments,1
5406,unlock new skill,HardcoreGamer,1
5407,unlock new skill,XboxEra,1
5408,creed shadow first mainline,HardcoreGamer,1
5409,creed shadow first mainline,Loot Level Chill,1
5410,shadow first mainline entry,HardcoreGamer,1
5411,shadow first mainline entry,Loot Level Chill,1
5412,final stage sengoku period,HardcoreGamer,1
5413,final stage sengoku period,TheXboxHub,1
5414,final stage sengoku period,ZTGD,1
5415,assassin creed shadow return,HardcoreGamer,1
5416,assassin creed shadow return,Stevivor,1
5417,return form assassin creed,HardcoreGamer,1
5418,return form assassin creed,Hooked Gamers,1
5419,return form assassin creed,TheEscapist,1
5420,assassin creed game without,HardcoreGamer,1
5421,assassin creed game without,TrueAchievments,1
5422,assassin creed shadow learn,HardcoreGamer,1
5423,assassin creed shadow learn,TheEscapist,1
5424,assassin creed syndicate also,HardcoreGamer,1
5425,assassin creed syndicate also,Inverse,1
5426,first assassin creed game,HardcoreGamer,1
5427,first assassin creed game,Impulse Gamer,1
5428,first assassin creed game,PCGamesN,1
5429,first assassin creed game,Stevivor,1
5430,exclusively current gen console,HardcoreGamer,1
5431,exclusively current gen console,Stevivor,1
5432,assassin creed shadow deliver,HardcoreGamer,1
5433,assassin creed shadow deliver,Movies Games and Tech,1
5434,assassin creed shadow deliver,RPGFan,1
5435,never feel quite right,HardcoreGamer,1
5436,never feel quite right,Rock Paper Shotgun,1
5437,action adventure story set,HardcoreGamer,1
5438,action adventure story set,Siliconera,1
5439,adventure story set feudal,HardcoreGamer,1
5440,adventure story set feudal,Siliconera,1
5441,story set feudal japan,HardcoreGamer,1
5442,story set feudal japan,Siliconera,1
5443,set feudal japan become,HardcoreGamer,1
5444,set feudal japan become,Siliconera,1
5445,feudal japan become lethal,HardcoreGamer,1
5446,feudal japan become lethal,Siliconera,1
5447,japan become lethal shinobi,HardcoreGamer,1
5448,japan become lethal shinobi,Siliconera,1
5449,become lethal shinobi assassin,HardcoreGamer,1
5450,become lethal shinobi assassin,Siliconera,1
5451,lethal shinobi assassin powerful,HardcoreGamer,1
5452,lethal shinobi assassin powerful,Siliconera,1
5453,shinobi assassin powerful legendary,HardcoreGamer,1
5454,shinobi assassin powerful legendary,Siliconera,1
5455,assassin powerful legendary samurai,HardcoreGamer,1
5456,assassin powerful legendary samurai,Siliconera,1
5457,powerful legendary samurai explore,HardcoreGamer,1
5458,powerful legendary samurai explore,Siliconera,1
5459,legendary samurai explore beautiful,HardcoreGamer,1
5460,legendary samurai explore beautiful,Siliconera,1
5461,samurai explore beautiful open,HardcoreGamer,1
5462,samurai explore beautiful open,Siliconera,1
5463,explore beautiful open world,HardcoreGamer,1
5464,explore beautiful open world,Siliconera,1
5465,beautiful open world time,HardcoreGamer,1
5466,beautiful open world time,Siliconera,1
5467,open world time chaos,HardcoreGamer,1
5468,open world time chaos,Siliconera,1
5469,naoe shinobi assassin yasuke,HardcoreGamer,1
5470,naoe shinobi assassin yasuke,TrueAchievments,1
5471,assassin creed shadow first mainline,HardcoreGamer,1
5472,assassin creed shadow first mainline,Loot Level Chill,1
5473,creed shadow first mainline entry,HardcoreGamer,1
5474,creed shadow first mainline entry,Loot Level Chill,1
5475,fun play assassin creed shadow,HardcoreGamer,1
5476,fun play assassin creed shadow,Hey Poor Player,1
5477,action adventure story set feudal,HardcoreGamer,1
5478,action adventure story set feudal,Siliconera,1
5479,adventure story set feudal japan,HardcoreGamer,1
5480,adventure story set feudal japan,Siliconera,1
5481,story set feudal japan become,HardcoreGamer,1
5482,story set feudal japan become,Siliconera,1
5483,set feudal japan become lethal,HardcoreGamer,1
5484,set feudal japan become lethal,Siliconera,1
5485,feudal japan become lethal shinobi,HardcoreGamer,1
5486,feudal japan become lethal shinobi,Siliconera,1
5487,japan become lethal shinobi assassin,HardcoreGamer,1
5488,japan become lethal shinobi assassin,Siliconera,1
5489,become lethal shinobi assassin powerful,HardcoreGamer,1
5490,become lethal shinobi assassin powerful,Siliconera,1
5491,lethal shinobi assassin powerful legendary,HardcoreGamer,1
5492,lethal shinobi assassin powerful legendary,Siliconera,1
5493,shinobi assassin powerful legendary samurai,HardcoreGamer,1
5494,shinobi assassin powerful legendary samurai,Siliconera,1
5495,assassin powerful legendary samurai explore,HardcoreGamer,1
5496,assassin powerful legendary samurai explore,Siliconera,1
5497,powerful legendary samurai explore beautiful,HardcoreGamer,1
5498,powerful legendary samurai explore beautiful,Siliconera,1
5499,legendary samurai explore beautiful open,HardcoreGamer,1
5500,legendary samurai explore beautiful open,Siliconera,1
5501,samurai explore beautiful open world,HardcoreGamer,1
5502,samurai explore beautiful open world,Siliconera,1
5503,explore beautiful open world time,HardcoreGamer,1
5504,explore beautiful open world time,Siliconera,1
5505,beautiful open world time chaos,HardcoreGamer,1
5506,beautiful open world time chaos,Siliconera,1
5507,ubisoft quebec finally,Hey Poor Player,1
5508,ubisoft quebec finally,TheEscapist,1
5509,quebec finally deliver,Hey Poor Player,1
5510,quebec finally deliver,TheEscapist,1
5511,japan azuchi momoyama,Hey Poor Player,1
5512,japan azuchi momoyama,wccftech,1
5513,ninja iga clan,Hey Poor Player,1
5514,ninja iga clan,RPGFan,1
5515,player choice shadow,Hey Poor Player,1
5516,player choice shadow,Well Played,1
5517,spend first 10,Hey Poor Player,1
5518,spend first 10,Softpedia,1
5519,say play yasuke,Hey Poor Player,1
5520,say play yasuke,New Game Network,1
5521,role playing game,Hey Poor Player,1
5522,role playing game,Polygon,1
5523,role playing game,TechRadar,1
5524,role playing game,wccftech,2
5525,hidden blade naoe,Hey Poor Player,1
5526,hidden blade naoe,Inverse,1
5527,hidden blade naoe,Twinfinite,1
5528,hidden blade naoe,ZTGD,1
5529,point knowledge rank,Hey Poor Player,1
5530,point knowledge rank,TheEscapist,1
5531,mastery point earn,Hey Poor Player,1
5532,mastery point earn,Loot Level Chill,1
5533,mastery point earn,Twinfinite,1
5534,point earn level,Hey Poor Player,1
5535,point earn level,Twinfinite,1
5536,lose page temple,Hey Poor Player,1
5537,lose page temple,Twinfinite,1
5538,shinobi assassin naoe,Hey Poor Player,1
5539,shinobi assassin naoe,Softpedia,1
5540,dodge enemy attack,Hey Poor Player,1
5541,dodge enemy attack,Softpedia,1
5542,dodge enemy attack,wccftech,1
5543,system also affect,Hey Poor Player,1
5544,system also affect,Ragequit,1
5545,open world ac,Hey Poor Player,1
5546,open world ac,TechRadar,1
5547,world ac game,Hey Poor Player,1
5548,world ac game,TechRadar,1
5549,blend traditional japanese,Hey Poor Player,1
5550,blend traditional japanese,PCGamesN,1
5551,traditional japanese instrument,Hey Poor Player,1
5552,traditional japanese instrument,PCGamesN,1
5553,japanese psych rock,Hey Poor Player,1
5554,japanese psych rock,VG247,1
5555,psych rock band,Hey Poor Player,1
5556,psych rock band,VG247,1
5557,creed shadow look,Hey Poor Player,1
5558,creed shadow look,ZTGD,1
5559,creed shadow fan,Hey Poor Player,1
5560,creed shadow fan,Softpedia,1
5561,beautiful visual presentation,Hey Poor Player,1
5562,beautiful visual presentation,ScreenRant,1
5563,assassin creed back,Hey Poor Player,1
5564,assassin creed back,Player2,1
5565,assassin creed back,Stevivor,1
5566,ubisoft quebec finally deliver,Hey Poor Player,1
5567,ubisoft quebec finally deliver,TheEscapist,1
5568,japan azuchi momoyama period,Hey Poor Player,1
5569,japan azuchi momoyama period,wccftech,1
5570,mastery point earn level,Hey Poor Player,1
5571,mastery point earn level,Twinfinite,1
5572,open world ac game,Hey Poor Player,1
5573,open world ac game,TechRadar,1
5574,blend traditional japanese instrument,Hey Poor Player,1
5575,blend traditional japanese instrument,PCGamesN,1
5576,japanese psych rock band,Hey Poor Player,1
5577,japanese psych rock band,VG247,1
5578,assassin creed shadow look,Hey Poor Player,1
5579,assassin creed shadow look,ZTGD,1
5580,assassin creed shadow fan,Hey Poor Player,1
5581,assassin creed shadow fan,Softpedia,1
5582,year feudal japan,Hooked Gamers,1
5583,year feudal japan,Softpedia,1
5584,main mission side,Hooked Gamers,1
5585,main mission side,Polygon,1
5586,weather distinct season,Hooked Gamers,1
5587,weather distinct season,XboxEra,1
5588,assassin creed know,Hooked Gamers,1
5589,assassin creed know,PC Gamer,1
5590,help find objective,Hooked Gamers,1
5591,help find objective,XboxEra,1
5592,pet dog cat,Hooked Gamers,1
5593,pet dog cat,Windows Central,1
5594,free battle pas,Hooked Gamers,1
5595,free battle pas,TheEscapist,1
5596,point assassin creed,Hooked Gamers,1
5597,point assassin creed,Softpedia,1
5598,point assassin creed,Twinfinite,1
5599,point assassin creed,VGC,1
5600,mechanic loot system,Hooked Gamers,1
5601,mechanic loot system,Movies Games and Tech,1
5602,form assassin creed shadow,Hooked Gamers,1
5603,form assassin creed shadow,TheEscapist,1
5604,point assassin creed shadow,Hooked Gamers,1
5605,point assassin creed shadow,Twinfinite,1
5606,return form assassin creed shadow,Hooked Gamers,1
5607,return form assassin creed shadow,TheEscapist,1
5608,skill tree also,IGN,1
5609,skill tree also,Softpedia,1
5610,2023 assassin creed,IGN,1
5611,2023 assassin creed,Loot Level Chill,1
5612,2023 assassin creed,Softpedia,1
5613,like ezio edward,IGN,1
5614,like ezio edward,PlayStation Universe,1
5615,say shadow good,IGN,1
5616,say shadow good,XboxAchievements,1
5617,short list clue,IGN,1
5618,short list clue,Worthplaying PC,1
5619,progress main story,IGN,1
5620,progress main story,Push Square,1
5621,spend majority time,IGN,1
5622,spend majority time,slant,1
5623,dozen hour shadow,IGN,1
5624,dozen hour shadow,TechRadar,1
5625,dozen hour shadow,wccftech,1
5626,40 hour story,IGN,1
5627,40 hour story,TheGamer,1
5628,story revolves around,IGN,1
5629,story revolves around,Movies Games and Tech,1
5630,allow choose character,IGN,1
5631,allow choose character,XboxAchievements,1
5632,never felt like,IGN,1
5633,never felt like,NoisyPixel,1
5634,bow even gun,IGN,1
5635,bow even gun,ZTGD,1
5636,always find good,IGN,1
5637,always find good,Rock Paper Shotgun,1
5638,drop smoke bomb,IGN,1
5639,drop smoke bomb,PC Gamer,1
5640,assassin creed take,IGN,2
5641,assassin creed take,TechRadar,1
5642,skill tree focus,IGN,1
5643,skill tree focus,PCGamesN,1
5644,2023 assassin creed mirage,IGN,1
5645,2023 assassin creed mirage,Loot Level Chill,1
5646,2023 assassin creed mirage,Softpedia,1
5647,series expansive open,Impulse Gamer,1
5648,series expansive open,Stevivor,1
5649,expansive open world,Impulse Gamer,1
5650,expansive open world,Shacknews,1
5651,expansive open world,Stevivor,1
5652,modern era assassin,Impulse Gamer,1
5653,modern era assassin,Metro News,1
5654,era assassin creed,Impulse Gamer,1
5655,era assassin creed,Metro News,1
5656,era assassin creed,PC Gamer,1
5657,era assassin creed,PlayStation Universe,1
5658,era assassin creed,RPG Site,1
5659,assassin creed one,Impulse Gamer,1
5660,assassin creed one,Kotaku,1
5661,assassin creed one,TheGamer,1
5662,assassin creed one,Windows Central,1
5663,hidden blade yasuke,Impulse Gamer,1
5664,hidden blade yasuke,The Verge,1
5665,yasuke way go,Impulse Gamer,1
5666,yasuke way go,Siliconera,1
5667,ghost tsushima release,Impulse Gamer,1
5668,ghost tsushima release,Push Square,1
5669,setting feel like,Impulse Gamer,1
5670,setting feel like,Polygon,1
5671,walk across rope,Impulse Gamer,1
5672,walk across rope,Kotaku,1
5673,walk across rope,PlayStation Universe,1
5674,well write perform,Impulse Gamer,1
5675,well write perform,VGC,1
5676,never feel like,Impulse Gamer,1
5677,never feel like,Twinfinite,1
5678,game early hour,Impulse Gamer,1
5679,game early hour,VideoGamer,1
5680,series expansive open world,Impulse Gamer,1
5681,series expansive open world,Stevivor,1
5682,expansive open world rpg,Impulse Gamer,1
5683,expansive open world rpg,Stevivor,1
5684,modern era assassin creed,Impulse Gamer,1
5685,modern era assassin creed,Metro News,1
5686,series expansive open world rpg,Impulse Gamer,1
5687,series expansive open world rpg,Stevivor,1
5688,thirty plus hour,Inverse,1
5689,thirty plus hour,Order of the Template,1
5690,creed shadow massive,Inverse,1
5691,creed shadow massive,TechRadar,1
5692,stealth combat mechanic,Inverse,1
5693,stealth combat mechanic,NoisyPixel,1
5694,stealth combat mechanic,wccftech,1
5695,fujibayashi naoe young,Inverse,1
5696,fujibayashi naoe young,The Guardian,1
5697,naoe young igan,Inverse,1
5698,naoe young igan,Well Played,1
5699,oda nobunaga yasuke,Inverse,1
5700,oda nobunaga yasuke,PCGamesN,1
5701,use brute strength,Inverse,1
5702,use brute strength,Xbox Tavern,1
5703,take level appropriate,Inverse,1
5704,take level appropriate,New Game Network,1
5705,begin show try,Inverse,1
5706,begin show try,PlayStation LifeStyle,1
5707,get catch environment,Inverse,1
5708,get catch environment,Player2,1
5709,standard map marker,Inverse,1
5710,standard map marker,ScreenRant,1
5711,side activity open,Inverse,1
5712,side activity open,Radio Times,1
5713,activity open world,Inverse,1
5714,activity open world,Radio Times,1
5715,great middle ground,Inverse,1
5716,great middle ground,Stevivor,1
5717,game two protagonist,Inverse,1
5718,game two protagonist,Movies Games and Tech,1
5719,assassin creed two,Inverse,1
5720,assassin creed two,TheEscapist,1
5721,two distinct playstyles,Inverse,1
5722,two distinct playstyles,Xbox Tavern,1
5723,break locked door,Inverse,1
5724,break locked door,Kotaku,1
5725,level appropriate gear,Inverse,1
5726,level appropriate gear,XboxEra,1
5727,make open world,Inverse,1
5728,make open world,Push Square,1
5729,adventure assassin creed,Inverse,1
5730,adventure assassin creed,nme,1
5731,assassin creed shadow massive,Inverse,1
5732,assassin creed shadow massive,TechRadar,1
5733,side activity open world,Inverse,1
5734,side activity open world,Radio Times,1
5735,ubisoft late instalment,irish_independent,1
5736,ubisoft late instalment,Xbox Tavern,1
5737,star war outlaw,irish_independent,1
5738,star war outlaw,Shacknews,1
5739,star war outlaw,Well Played,1
5740,come expect assassin,irish_independent,1
5741,come expect assassin,PlayStation Universe,1
5742,expect assassin creed,irish_independent,1
5743,expect assassin creed,Order of the Template,1
5744,expect assassin creed,PlayStation Universe,1
5745,expect assassin creed,Ragequit,1
5746,expect assassin creed,TheEscapist,1
5747,expect assassin creed,VG247,1
5748,expect assassin creed,Windows Central,1
5749,last year rise,irish_independent,1
5750,last year rise,RPG Site,1
5751,year rise ronin,irish_independent,1
5752,year rise ronin,RPG Site,1
5753,rise ronin shadow,irish_independent,1
5754,rise ronin shadow,ScreenRant,1
5755,come expect assassin creed,irish_independent,1
5756,come expect assassin creed,PlayStation Universe,1
5757,expect assassin creed game,irish_independent,1
5758,expect assassin creed game,TheEscapist,1
5759,last year rise ronin,irish_independent,1
5760,last year rise ronin,RPG Site,1
5761,shadow review gorgeous,Kotaku,1
5762,shadow review gorgeous,ScreenRant,2
5763,shadow review gorgeous,wccftech,1
5764,rpg set 16th,Kotaku,1
5765,rpg set 16th,Windows Central,1
5766,black samurai yasuke,Kotaku,1
5767,black samurai yasuke,PC Gamer,1
5768,odyssey valhalla meanwhile,Kotaku,1
5769,odyssey valhalla meanwhile,Twinfinite,1
5770,valhalla meanwhile naoe,Kotaku,1
5771,valhalla meanwhile naoe,Twinfinite,1
5772,need sneak around,Kotaku,1
5773,need sneak around,Worthplaying,1
5774,player experience two,Kotaku,1
5775,player experience two,Xbox Tavern,1
5776,assassin creed universe,Kotaku,1
5777,assassin creed universe,NoisyPixel,1
5778,part game story,Kotaku,1
5779,part game story,VGC,1
5780,spend lot time,Kotaku,1
5781,spend lot time,Rock Paper Shotgun,1
5782,spend lot time,Stevivor,1
5783,quest side quest,Kotaku,1
5784,quest side quest,Push Square,1
5785,side quest take,Kotaku,1
5786,side quest take,TechRadar,1
5787,long time even,Kotaku,1
5788,long time even,PlayStation Universe,1
5789,shadow go prone,Kotaku,1
5790,shadow go prone,Loot Level Chill,1
5791,stealth gameplay series,Kotaku,1
5792,stealth gameplay series,Well Played,1
5793,big new feature,Kotaku,1
5794,big new feature,RPGFan,1
5795,new feature shadow,Kotaku,1
5796,new feature shadow,Xbox Tavern,1
5797,game play yasuke,Kotaku,1
5798,game play yasuke,Worthplaying PC,1
5799,thin wall door,Kotaku,1
5800,thin wall door,Worthplaying PC,1
5801,close quarters combat,Kotaku,1
5802,close quarters combat,Xbox Tavern,1
5803,game skill tree,Kotaku,1
5804,game skill tree,Metro News,1
5805,chop away bush,Kotaku,1
5806,chop away bush,TrueAchievments,1
5807,creed game yes,Kotaku,1
5808,creed game yes,TechRadar,1
5809,also change game,Kotaku,1
5810,also change game,TechRadar,1
5811,looking open world,Kotaku,2
5812,looking open world,Well Played,1
5813,world action game,Kotaku,1
5814,world action game,Radio Times,1
5815,best looking open,Kotaku,1
5816,best looking open,Well Played,1
5817,creed shadow review gorgeous,Kotaku,1
5818,creed shadow review gorgeous,ScreenRant,2
5819,creed shadow review gorgeous,wccftech,1
5820,rpg set 16th century,Kotaku,1
5821,rpg set 16th century,Windows Central,1
5822,odyssey valhalla meanwhile naoe,Kotaku,1
5823,odyssey valhalla meanwhile naoe,Twinfinite,1
5824,assassin creed game yes,Kotaku,1
5825,assassin creed game yes,TechRadar,1
5826,looking open world game,Kotaku,2
5827,looking open world game,Well Played,1
5828,open world action game,Kotaku,1
5829,open world action game,Radio Times,1
5830,best looking open world,Kotaku,1
5831,best looking open world,Well Played,1
5832,assassin creed shadow review gorgeous,Kotaku,1
5833,assassin creed shadow review gorgeous,ScreenRant,2
5834,assassin creed shadow review gorgeous,wccftech,1
5835,best looking open world game,Kotaku,1
5836,best looking open world game,Well Played,1
5837,stunning open world,Loot Level Chill,1
5838,stunning open world,NoisyPixel,1
5839,open world ubisoft,Loot Level Chill,1
5840,open world ubisoft,RPG Site,1
5841,new protagonist naoe,Loot Level Chill,1
5842,new protagonist naoe,TheGamer,1
5843,ezio edward kenway,Loot Level Chill,1
5844,ezio edward kenway,PlayStation Universe,1
5845,stealth assassin creed,Loot Level Chill,1
5846,stealth assassin creed,RPG Site,1
5847,keep assassin creed,Loot Level Chill,1
5848,keep assassin creed,NoisyPixel,1
5849,certain point story,Loot Level Chill,1
5850,certain point story,wccftech,1
5851,naoe story see,Loot Level Chill,1
5852,naoe story see,Polygon,1
5853,gather intel target,Loot Level Chill,1
5854,gather intel target,Xbox Tavern,1
5855,every nook cranny,Loot Level Chill,1
5856,every nook cranny,Softpedia,1
5857,every nook cranny,TheGamer,1
5858,modern day stuff,Loot Level Chill,1
5859,modern day stuff,New Game Network,1
5860,modern day stuff,TechRadar,1
5861,open world assassin,Loot Level Chill,1
5862,open world assassin,Rock Paper Shotgun,1
5863,open world assassin,Stevivor,2
5864,absolute must play,Loot Level Chill,1
5865,absolute must play,Xbox Tavern,1
5866,keep assassin creed shadow,Loot Level Chill,1
5867,keep assassin creed shadow,NoisyPixel,1
5868,open world assassin creed,Loot Level Chill,1
5869,open world assassin creed,Rock Paper Shotgun,1
5870,open world assassin creed,Stevivor,2
5871,open world assassin creed shadow,Loot Level Chill,1
5872,open world assassin creed shadow,Stevivor,1
5873,shadow review ubisoft,Metro News,1
5874,shadow review ubisoft,VG247,1
5875,hulk samurai yasuke,Metro News,1
5876,hulk samurai yasuke,RPG Site,1
5877,oda nobunaga train,Metro News,1
5878,oda nobunaga train,Well Played,1
5879,nobunaga train samurai,Metro News,1
5880,nobunaga train samurai,Well Played,1
5881,traditional assassin creed,Metro News,1
5882,traditional assassin creed,Shacknews,1
5883,traditional assassin creed,wccftech,1
5884,season play important,Metro News,1
5885,season play important,Player2,1
5886,recruit ally call,Metro News,1
5887,recruit ally call,XboxAchievements,1
5888,reward knowledge point,Metro News,1
5889,reward knowledge point,Twinfinite,1
5890,knowledge point need,Metro News,1
5891,knowledge point need,TrueAchievments,1
5892,knowledge point unlock,Metro News,1
5893,knowledge point unlock,NoisyPixel,1
5894,knowledge point unlock,TechRadar,1
5895,knowledge point unlock,wccftech,1
5896,open world nicely,Metro News,1
5897,open world nicely,Radio Times,1
5898,impressive open world,Metro News,1
5899,impressive open world,Rock Paper Shotgun,1
5900,creed shadow review ubisoft,Metro News,1
5901,creed shadow review ubisoft,VG247,1
5902,oda nobunaga train samurai,Metro News,1
5903,oda nobunaga train samurai,Well Played,1
5904,knowledge point unlock new,Metro News,1
5905,knowledge point unlock new,wccftech,1
5906,assassin creed shadow review ubisoft,Metro News,1
5907,assassin creed shadow review ubisoft,VG247,1
5908,take step back,Movies Games and Tech,1
5909,take step back,ZTGD,1
5910,yasuke powerful samurai,Movies Games and Tech,1
5911,yasuke powerful samurai,TrueAchievments,1
5912,since pretty much,Movies Games and Tech,1
5913,since pretty much,TheGamer,1
5914,time open world,Movies Games and Tech,1
5915,time open world,Push Square,1
5916,one man army,Movies Games and Tech,1
5917,one man army,PC Gamer,1
5918,one man army,Shacknews,1
5919,one man army,Worthplaying,1
5920,storytelling naoe yasuke,Movies Games and Tech,1
5921,storytelling naoe yasuke,XboxAchievements,1
5922,naoe yasuke play,Movies Games and Tech,2
5923,naoe yasuke play,Polygon,1
5924,naoe yasuke play,TheGamer,1
5925,complete side quest,Movies Games and Tech,1
5926,complete side quest,Polygon,1
5927,add extra layer,Movies Games and Tech,1
5928,add extra layer,Xbox Tavern,1
5929,thought assassin creed,Movies Games and Tech,1
5930,thought assassin creed,TrueAchievments,1
5931,impact visuals gameplay,Movies Games and Tech,1
5932,impact visuals gameplay,TheEscapist,1
5933,thought assassin creed shadow,Movies Games and Tech,1
5934,thought assassin creed shadow,TrueAchievments,1
5935,entry assassin creed franchise,Movies Games and Tech,1
5936,entry assassin creed franchise,TheSixthAxis,1
5937,stealth action gameplay,New Game Network,1
5938,stealth action gameplay,RPGFan,1
5939,ac game would,New Game Network,1
5940,ac game would,TechRadar,1
5941,in game reward,New Game Network,1
5942,in game reward,XboxEra,1
5943,mysterious box naoe,New Game Network,1
5944,mysterious box naoe,wccftech,1
5945,yasuke naoe eventually,New Game Network,1
5946,yasuke naoe eventually,PlayStation LifeStyle,1
5947,scale assassin creed,New Game Network,1
5948,scale assassin creed,Push Square,1
5949,shadow feature new,New Game Network,1
5950,shadow feature new,ScreenRant,1
5951,act fast travel,New Game Network,1
5952,act fast travel,TheGamer,1
5953,act fast travel,VideoGamer,1
5954,first time series,New Game Network,1
5955,first time series,RPG Site,1
5956,eagle vision let,New Game Network,1
5957,eagle vision let,slant,1
5958,use make game,New Game Network,1
5959,use make game,Softpedia,1
5960,become de facto,New Game Network,1
5961,become de facto,Rock Paper Shotgun,1
5962,skill point character,New Game Network,1
5963,skill point character,PCGamesN,1
5964,ability use combat,New Game Network,1
5965,ability use combat,Worthplaying PC,1
5966,skill point go,New Game Network,1
5967,skill point go,PCGamesN,1
5968,point go around,New Game Network,1
5969,point go around,PCGamesN,1
5970,knowledge rank increase,New Game Network,1
5971,knowledge rank increase,TheEscapist,1
5972,knowledge rank increase,TrueAchievments,1
5973,feudal japan setting,New Game Network,2
5974,feudal japan setting,TrueAchievments,2
5975,feudal japan setting,Twinfinite,1
5976,rise ronin inevitable,New Game Network,1
5977,rise ronin inevitable,Push Square,1
5978,xbox series game,New Game Network,1
5979,xbox series game,Polygon,1
5980,game offer quality,New Game Network,1
5981,game offer quality,wccftech,1
5982,act fast travel point,New Game Network,1
5983,act fast travel point,TheGamer,1
5984,act fast travel point,VideoGamer,1
5985,skill point go around,New Game Network,1
5986,skill point go around,PCGamesN,1
5987,awaited feudal japan setting,New Game Network,1
5988,awaited feudal japan setting,TrueAchievments,1
5989,long awaited feudal japan setting,New Game Network,1
5990,long awaited feudal japan setting,TrueAchievments,1
5991,tried and tested,nme,1
5992,tried and tested,PlayStation LifeStyle,1
5993,tried and tested,ScreenRant,1
5994,and tested formula,nme,1
5995,and tested formula,PlayStation LifeStyle,1
5996,small scale adventure,nme,1
5997,small scale adventure,TechRadar,1
5998,18 year old,nme,1
5999,18 year old,VG247,1
6000,year old franchise,nme,1
6001,year old franchise,VG247,1
6002,century japan shadow,nme,1
6003,century japan shadow,PCGamesN,1
6004,previous game instead,nme,1
6005,previous game instead,PlayStation Universe,1
6006,four distinct season,nme,1
6007,four distinct season,ScreenRant,1
6008,well put together,nme,1
6009,well put together,VG247,1
6010,march 20 playstation,nme,1
6011,march 20 playstation,Polygon,1
6012,tried and tested formula,nme,1
6013,tried and tested formula,PlayStation LifeStyle,1
6014,18 year old franchise,nme,1
6015,18 year old franchise,VG247,1
6016,16th century japan shadow,nme,1
6017,16th century japan shadow,PCGamesN,1
6018,game breaking bug,NoisyPixel,1
6019,game breaking bug,Windows Central,1
6020,want remain undetected,NoisyPixel,1
6021,want remain undetected,Push Square,1
6022,choose immersive mode,NoisyPixel,1
6023,choose immersive mode,Ragequit,1
6024,creed shadow story,NoisyPixel,1
6025,creed shadow story,RPGFan,1
6026,young shinobi naoe,NoisyPixel,1
6027,young shinobi naoe,Ragequit,1
6028,young shinobi naoe,Windows Central,1
6029,try find target,NoisyPixel,1
6030,try find target,XboxEra,1
6031,story take time,NoisyPixel,1
6032,story take time,Twinfinite,1
6033,story spend time,NoisyPixel,1
6034,story spend time,Windows Central,1
6035,play normal difficulty,NoisyPixel,1
6036,play normal difficulty,Radio Times,1
6037,meditation mini game,NoisyPixel,1
6038,meditation mini game,TheXboxHub,1
6039,take powerful enemy,NoisyPixel,1
6040,take powerful enemy,Radio Times,1
6041,creed shadow gorgeous,NoisyPixel,1
6042,creed shadow gorgeous,Polygon,1
6043,road pathway lead,NoisyPixel,1
6044,road pathway lead,Push Square,1
6045,shadow worth time,NoisyPixel,1
6046,shadow worth time,Twinfinite,1
6047,prove assassin creed,NoisyPixel,1
6048,prove assassin creed,Twinfinite,1
6049,assassin creed still,NoisyPixel,1
6050,assassin creed still,TheEscapist,1
6051,assassin creed still,TheXboxHub,1
6052,next assassin creed,NoisyPixel,1
6053,next assassin creed,wccftech,1
6054,assassin creed shadow story,NoisyPixel,1
6055,assassin creed shadow story,RPGFan,1
6056,assassin creed shadow gorgeous,NoisyPixel,1
6057,assassin creed shadow gorgeous,Polygon,1
6058,next assassin creed shadow,NoisyPixel,1
6059,next assassin creed shadow,wccftech,1
6060,like assassin creed origin odyssey,NoisyPixel,1
6061,like assassin creed origin odyssey,Push Square,1
6062,two decade ago,Order of the Template,1
6063,two decade ago,TheGamer,1
6064,many key player,Order of the Template,1
6065,many key player,Well Played,1
6066,japan feel like,Order of the Template,1
6067,japan feel like,Push Square,1
6068,japan feel like,Shacknews,1
6069,japan feel like,TheGamer,1
6070,feel like late,Order of the Template,1
6071,feel like late,Push Square,1
6072,world game come,Order of the Template,1
6073,world game come,PlayStation Universe,1
6074,often go way,Order of the Template,1
6075,often go way,TheGamer,1
6076,recent entry series,Order of the Template,1
6077,recent entry series,TheGamer,1
6078,recent entry series,Worthplaying PC,1
6079,skill tree yasuke,Order of the Template,1
6080,skill tree yasuke,PlayStation Universe,1
6081,feel though game,Order of the Template,1
6082,feel though game,TrueAchievments,1
6083,really like yasuke,Order of the Template,1
6084,really like yasuke,PlayStation Universe,1
6085,land rise sun,Order of the Template,1
6086,land rise sun,Twinfinite,1
6087,fine assassin creed,Order of the Template,1
6088,fine assassin creed,Shacknews,1
6089,feudal japan feel like,Order of the Template,1
6090,feudal japan feel like,Push Square,1
6091,open world game come,Order of the Template,1
6092,open world game come,PlayStation Universe,1
6093,excellent stealth combat,PC Gamer,1
6094,excellent stealth combat,TechRadar,1
6095,excellent stealth combat,wccftech,1
6096,historical accuracy shadow,PC Gamer,1
6097,historical accuracy shadow,Rock Paper Shotgun,1
6098,world game ve,PC Gamer,1
6099,world game ve,Ragequit,1
6100,peak assassin creed,PC Gamer,1
6101,peak assassin creed,TheGamer,1
6102,assassin creed play,PC Gamer,1
6103,assassin creed play,RPG Site,1
6104,worth wait assassin,PC Gamer,1
6105,worth wait assassin,Shacknews,1
6106,worth wait assassin,TechRadar,1
6107,50 hour complete,PC Gamer,1
6108,50 hour complete,TheEscapist,1
6109,early assassin creed,PC Gamer,1
6110,early assassin creed,slant,1
6111,almost exclusively naoe,PC Gamer,1
6112,almost exclusively naoe,PlayStation LifeStyle,1
6113,matter assassin creed,PC Gamer,1
6114,matter assassin creed,Softpedia,1
6115,assassin creed past,PC Gamer,1
6116,assassin creed past,PlayStation LifeStyle,1
6117,try walk across,PC Gamer,1
6118,try walk across,PlayStation Universe,1
6119,first ask question,PC Gamer,1
6120,first ask question,Softpedia,1
6121,first time since,PC Gamer,1
6122,first time since,PlayStation Universe,1
6123,open world game ve,PC Gamer,1
6124,open world game ve,Ragequit,1
6125,worth wait assassin creed,PC Gamer,1
6126,worth wait assassin creed,Shacknews,1
6127,worth wait assassin creed,TechRadar,1
6128,worth wait assassin creed shadow,PC Gamer,1
6129,worth wait assassin creed shadow,Shacknews,1
6130,worth wait assassin creed shadow,TechRadar,1
6131,assassin creed entry,PCGamesN,2
6132,assassin creed entry,ScreenRant,1
6133,assassin creed entry,XboxAchievements,1
6134,change look feel,PCGamesN,1
6135,change look feel,XboxAchievements,1
6136,shadow use new,PCGamesN,1
6137,shadow use new,XboxEra,1
6138,short tanto blade,PCGamesN,1
6139,short tanto blade,XboxEra,1
6140,way play shadow,PCGamesN,1
6141,way play shadow,TheGamer,1
6142,way play shadow,XboxAchievements,1
6143,climb vantage point,PCGamesN,1
6144,climb vantage point,TrueAchievments,1
6145,recent assassin creed entry,PCGamesN,1
6146,recent assassin creed entry,XboxAchievements,1
6147,similar assassin creed,Player2,1
6148,similar assassin creed,Push Square,1
6149,two distinct gameplay,Player2,1
6150,two distinct gameplay,Well Played,1
6151,dodge special move,Player2,1
6152,dodge special move,TheXboxHub,1
6153,play important part,Player2,1
6154,play important part,TrueAchievments,1
6155,important part game,Player2,1
6156,important part game,VGC,1
6157,hour complete game,Player2,1
6158,hour complete game,TheEscapist,1
6159,follow set path,Player2,1
6160,follow set path,Xbox Tavern,1
6161,setting full ray,Player2,1
6162,setting full ray,wccftech,1
6163,full ray tracing,Player2,1
6164,full ray tracing,wccftech,1
6165,entry point new,Player2,1
6166,entry point new,TheEscapist,1
6167,point new player,Player2,1
6168,point new player,TheEscapist,1
6169,setting full ray tracing,Player2,1
6170,setting full ray tracing,wccftech,1
6171,entry point new player,Player2,1
6172,entry point new player,TheEscapist,1
6173,bring feudal japan,PlayStation LifeStyle,1
6174,bring feudal japan,The Guardian,1
6175,first several hour,PlayStation LifeStyle,1
6176,first several hour,Polygon,1
6177,switch back forth,PlayStation LifeStyle,1
6178,switch back forth,Rock Paper Shotgun,1
6179,never really get,PlayStation LifeStyle,1
6180,never really get,TechRadar,1
6181,playable character offer,PlayStation LifeStyle,1
6182,playable character offer,PlayStation Universe,1
6183,act assassin creed,PlayStation LifeStyle,1
6184,act assassin creed,RPGFan,1
6185,frame rate drop,PlayStation LifeStyle,1
6186,frame rate drop,TheEscapist,1
6187,one assassin creed shadow,PlayStation LifeStyle,1
6188,one assassin creed shadow,Windows Central,1
6189,act assassin creed shadow,PlayStation LifeStyle,1
6190,act assassin creed shadow,RPGFan,1
6191,first game find,PlayStation Universe,1
6192,first game find,TheXboxHub,1
6193,even assassin creed,PlayStation Universe,1
6194,even assassin creed,TechRadar,1
6195,good game look,PlayStation Universe,2
6196,good game look,XboxEra,1
6197,even performance mode,PlayStation Universe,1
6198,even performance mode,TheEscapist,1
6199,ubisoft still manage,PlayStation Universe,1
6200,ubisoft still manage,Twinfinite,1
6201,player come expect,PlayStation Universe,1
6202,player come expect,Polygon,1
6203,assassin creed year,PlayStation Universe,1
6204,assassin creed year,Stevivor,1
6205,lose page collect,PlayStation Universe,1
6206,lose page collect,TheGamer,1
6207,collect knowledge point,PlayStation Universe,1
6208,collect knowledge point,Ragequit,1
6209,game well make,PlayStation Universe,1
6210,game well make,Windows Central,1
6211,map still big,PlayStation Universe,1
6212,map still big,VGC,1
6213,assassin creed rpg,PlayStation Universe,1
6214,assassin creed rpg,RPGFan,1
6215,assassin creed rpg,ScreenRant,1
6216,assassin creed rpg,TheEscapist,1
6217,assassin creed rpg,wccftech,1
6218,love assassin creed,PlayStation Universe,1
6219,love assassin creed,TheXboxHub,1
6220,take light source,PlayStation Universe,1
6221,take light source,Shacknews,1
6222,long time since,PlayStation Universe,1
6223,long time since,ZTGD,1
6224,creed shadow ultimately,PlayStation Universe,1
6225,creed shadow ultimately,Windows Central,1
6226,open world still,PlayStation Universe,1
6227,open world still,Push Square,1
6228,finally bring series japan,PlayStation Universe,1
6229,finally bring series japan,Shacknews,1
6230,even assassin creed shadow,PlayStation Universe,1
6231,even assassin creed shadow,TechRadar,1
6232,since assassin creed syndicate,PlayStation Universe,1
6233,since assassin creed syndicate,TrueAchievments,1
6234,shadow take series,Polygon,1
6235,shadow take series,ZTGD,1
6236,time oda nobunaga,Polygon,1
6237,time oda nobunaga,The Verge,1
6238,shadow best feature,Polygon,1
6239,shadow best feature,TrueAchievments,1
6240,main character naoe,Polygon,1
6241,main character naoe,wccftech,1
6242,hour unlock yasuke,Polygon,1
6243,hour unlock yasuke,Radio Times,1
6244,historical figure yasuke,Polygon,1
6245,historical figure yasuke,ScreenRant,1
6246,creed game always,Polygon,1
6247,creed game always,Windows Central,1
6248,creed game always,ZTGD,1
6249,feel like part,Polygon,1
6250,feel like part,Twinfinite,1
6251,open world role,Polygon,1
6252,open world role,TechRadar,1
6253,open world role,wccftech,1
6254,world role playing,Polygon,1
6255,world role playing,TechRadar,1
6256,world role playing,wccftech,1
6257,story discover new,Polygon,1
6258,story discover new,Push Square,1
6259,discover new region,Polygon,1
6260,discover new region,Push Square,1
6261,material upgrade hideout,Polygon,1
6262,material upgrade hideout,Ragequit,1
6263,allow play long,Polygon,1
6264,allow play long,Stevivor,1
6265,game historical accuracy,Polygon,1
6266,game historical accuracy,VGC,1
6267,creed shadow explore,Polygon,1
6268,creed shadow explore,Windows Central,1
6269,thoroughly enjoy time,Polygon,1
6270,thoroughly enjoy time,Radio Times,1
6271,code provide ubisoft,Polygon,1
6272,code provide ubisoft,slant,1
6273,creed shadow take series,Polygon,1
6274,creed shadow take series,ZTGD,1
6275,assassin creed game always,Polygon,1
6276,assassin creed game always,Windows Central,1
6277,open world role playing,Polygon,1
6278,open world role playing,TechRadar,1
6279,open world role playing,wccftech,1
6280,world role playing game,Polygon,1
6281,world role playing game,TechRadar,1
6282,world role playing game,wccftech,1
6283,story discover new region,Polygon,1
6284,story discover new region,Push Square,1
6285,assassin creed shadow explore,Polygon,1
6286,assassin creed shadow explore,Windows Central,1
6287,assassin creed shadow take series,Polygon,1
6288,assassin creed shadow take series,ZTGD,1
6289,open world role playing game,Polygon,1
6290,open world role playing game,TechRadar,1
6291,open world role playing game,wccftech,1
6292,way assassin creed,Push Square,1
6293,way assassin creed,RPG Site,1
6294,way assassin creed,ScreenRant,1
6295,side quest contract,Push Square,1
6296,side quest contract,Ragequit,1
6297,chunk mainland japan,Push Square,1
6298,chunk mainland japan,XboxEra,1
6299,creed valhalla even,Push Square,1
6300,creed valhalla even,wccftech,1
6301,place assassin creed,Push Square,1
6302,place assassin creed,Windows Central,1
6303,game cycle four,Push Square,1
6304,game cycle four,Shacknews,1
6305,cycle four season,Push Square,1
6306,cycle four season,Shacknews,1
6307,open world feel,Push Square,1
6308,open world feel,VG247,1
6309,extra layer immersion,Push Square,1
6310,extra layer immersion,Xbox Tavern,1
6311,feel like evolution,Push Square,1
6312,feel like evolution,TechRadar,1
6313,upwards 80 hour,Push Square,1
6314,upwards 80 hour,TheEscapist,1
6315,hidden blade make,Push Square,1
6316,hidden blade make,Xbox Tavern,1
6317,frames per second,Push Square,1
6318,frames per second,Stevivor,1
6319,frames per second,TechRadar,1
6320,frames per second,Windows Central,2
6321,overall entry series,Push Square,1
6322,overall entry series,Siliconera,1
6323,best open world,Push Square,1
6324,best open world,TheEscapist,1
6325,protagonist open world,Push Square,1
6326,protagonist open world,wccftech,1
6327,way assassin creed shadow,Push Square,1
6328,way assassin creed shadow,RPG Site,1
6329,way assassin creed shadow,ScreenRant,1
6330,like assassin creed valhalla,Push Square,1
6331,like assassin creed valhalla,Siliconera,1
6332,like assassin creed valhalla,TechRadar,1
6333,like assassin creed valhalla,TrueAchievments,2
6334,assassin creed valhalla even,Push Square,1
6335,assassin creed valhalla even,wccftech,1
6336,place assassin creed shadow,Push Square,1
6337,place assassin creed shadow,Windows Central,1
6338,game cycle four season,Push Square,1
6339,game cycle four season,Shacknews,1
6340,series set feudal,Radio Times,1
6341,series set feudal,wccftech,1
6342,take control two,Radio Times,1
6343,take control two,Twinfinite,1
6344,version feudal japan,Radio Times,1
6345,version feudal japan,Twinfinite,1
6346,series set feudal japan,Radio Times,1
6347,series set feudal japan,wccftech,1
6348,big assassin creed,Ragequit,1
6349,big assassin creed,TechRadar,1
6350,big assassin creed,VG247,1
6351,ve ever see,Ragequit,1
6352,ve ever see,RPG Site,1
6353,ve ever see,Windows Central,1
6354,ac shadow also,Ragequit,1
6355,ac shadow also,Windows Central,1
6356,switch two protagonist,Ragequit,1
6357,switch two protagonist,TrueAchievments,1
6358,switch two protagonist,XboxAchievements,1
6359,two protagonist whenever,Ragequit,1
6360,two protagonist whenever,XboxAchievements,1
6361,ac shadow remain,Ragequit,1
6362,ac shadow remain,Windows Central,1
6363,special move unlock,Ragequit,1
6364,special move unlock,Rock Paper Shotgun,1
6365,mastery point need,Ragequit,1
6366,mastery point need,TrueAchievments,1
6367,last assassin creed,Ragequit,1
6368,last assassin creed,RPG Site,1
6369,switch two protagonist whenever,Ragequit,1
6370,switch two protagonist whenever,XboxAchievements,1
6371,stealth action adventure,Rock Paper Shotgun,1
6372,stealth action adventure,Twinfinite,1
6373,resource build hideout,Rock Paper Shotgun,1
6374,resource build hideout,Worthplaying,1
6375,pray shrine perform,Rock Paper Shotgun,1
6376,pray shrine perform,Twinfinite,1
6377,whose father kill,Rock Paper Shotgun,1
6378,whose father kill,wccftech,1
6379,ability lock behind,Rock Paper Shotgun,1
6380,ability lock behind,VGC,1
6381,pet open world,Rock Paper Shotgun,1
6382,pet open world,RPGFan,1
6383,creed shadow either,Rock Paper Shotgun,1
6384,creed shadow either,Twinfinite,1
6385,assassin creed shadow either,Rock Paper Shotgun,1
6386,assassin creed shadow either,Twinfinite,1
6387,creed shadow seem,RPG Site,1
6388,creed shadow seem,TechRadar,1
6389,though game feel,RPG Site,1
6390,though game feel,Windows Central,1
6391,black and white,RPG Site,1
6392,black and white,TrueAchievments,2
6393,character speak native,RPG Site,1
6394,character speak native,RPGFan,1
6395,character speak native,wccftech,1
6396,try find way,RPG Site,1
6397,try find way,Softpedia,1
6398,metal gear solid,RPG Site,1
6399,metal gear solid,wgtc,1
6400,feel like breath,RPG Site,1
6401,feel like breath,Twinfinite,1
6402,like breath fresh,RPG Site,1
6403,like breath fresh,Twinfinite,1
6404,breath fresh air,RPG Site,1
6405,breath fresh air,TechRadar,1
6406,breath fresh air,Twinfinite,1
6407,creed shadow still,RPG Site,1
6408,creed shadow still,ScreenRant,1
6409,creed shadow still,TheEscapist,1
6410,creed shadow still,wccftech,1
6411,creed shadow still,Windows Central,1
6412,well presented story,RPG Site,1
6413,well presented story,Worthplaying PC,1
6414,game provide publisher,RPG Site,1
6415,game provide publisher,ZTGD,1
6416,assassin creed shadow seem,RPG Site,1
6417,assassin creed shadow seem,TechRadar,1
6418,feel like breath fresh,RPG Site,1
6419,feel like breath fresh,Twinfinite,1
6420,like breath fresh air,RPG Site,1
6421,like breath fresh air,Twinfinite,1
6422,assassin creed shadow still,RPG Site,1
6423,assassin creed shadow still,ScreenRant,1
6424,assassin creed shadow still,TheEscapist,1
6425,assassin creed shadow still,wccftech,1
6426,assassin creed shadow still,Windows Central,1
6427,copy game provide publisher,RPG Site,1
6428,copy game provide publisher,ZTGD,1
6429,feel like breath fresh air,RPG Site,1
6430,feel like breath fresh air,Twinfinite,1
6431,gameplay feudal japan,RPGFan,1
6432,gameplay feudal japan,TheEscapist,1
6433,dual protagonist naoe,RPGFan,1
6434,dual protagonist naoe,slant,1
6435,dual protagonist naoe,TheEscapist,1
6436,dual protagonist naoe,TrueAchievments,2
6437,dual protagonist naoe,ZTGD,1
6438,naoe yasuke two,RPGFan,1
6439,naoe yasuke two,VGC,1
6440,direction assassin creed,RPGFan,1
6441,direction assassin creed,wccftech,1
6442,switch two yasuke,RPGFan,1
6443,switch two yasuke,TheXboxHub,1
6444,feel like yasuke,RPGFan,1
6445,feel like yasuke,TrueAchievments,1
6446,creed shadow various,RPGFan,1
6447,creed shadow various,TechRadar,1
6448,start assassin creed,RPGFan,1
6449,start assassin creed,TheGamer,1
6450,canon mode remove,RPGFan,1
6451,canon mode remove,Stevivor,1
6452,speak native tongue,RPGFan,1
6453,speak native tongue,wccftech,1
6454,speak japanese portuguese,RPGFan,2
6455,speak japanese portuguese,Windows Central,1
6456,play immersive mode,RPGFan,1
6457,play immersive mode,VG247,1
6458,creed rpg entry,RPGFan,1
6459,creed rpg entry,TheEscapist,1
6460,new feature assassin,RPGFan,1
6461,new feature assassin,Twinfinite,1
6462,feature assassin creed,RPGFan,1
6463,feature assassin creed,Twinfinite,1
6464,feature assassin creed,Windows Central,1
6465,creed shadow truly,RPGFan,1
6466,creed shadow truly,TheSixthAxis,1
6467,action rpg gameplay,RPGFan,2
6468,action rpg gameplay,Windows Central,1
6469,dual protagonist naoe yasuke,RPGFan,1
6470,dual protagonist naoe yasuke,TheEscapist,1
6471,dual protagonist naoe yasuke,ZTGD,1
6472,assassin creed shadow various,RPGFan,1
6473,assassin creed shadow various,TechRadar,1
6474,character speak native tongue,RPGFan,1
6475,character speak native tongue,wccftech,1
6476,assassin creed rpg entry,RPGFan,1
6477,assassin creed rpg entry,TheEscapist,1
6478,new feature assassin creed,RPGFan,1
6479,new feature assassin creed,Twinfinite,1
6480,feature assassin creed shadow,RPGFan,1
6481,feature assassin creed shadow,Twinfinite,1
6482,feature assassin creed shadow,Windows Central,1
6483,assassin creed shadow truly,RPGFan,1
6484,assassin creed shadow truly,TheSixthAxis,1
6485,new feature assassin creed shadow,RPGFan,1
6486,new feature assassin creed shadow,Twinfinite,1
6487,effect assassin creed,ScreenRant,1
6488,effect assassin creed,Worthplaying PC,1
6489,assassin vs templar,ScreenRant,1
6490,assassin vs templar,XboxEra,1
6491,friend assassin creed,ScreenRant,1
6492,friend assassin creed,TheGamer,1
6493,sengoku period assassin,ScreenRant,1
6494,sengoku period assassin,XboxAchievements,1
6495,creed shadow introduces,ScreenRant,1
6496,creed shadow introduces,XboxAchievements,1
6497,naoe yasuke naoe,ScreenRant,1
6498,naoe yasuke naoe,Xbox Tavern,1
6499,attack must dodge,ScreenRant,1
6500,attack must dodge,Worthplaying PC,1
6501,creed shadow find,ScreenRant,1
6502,creed shadow find,Siliconera,1
6503,creed shadow find,Stevivor,1
6504,overall assassin creed,ScreenRant,1
6505,overall assassin creed,Shacknews,1
6506,friend assassin creed shadow,ScreenRant,1
6507,friend assassin creed shadow,TheGamer,1
6508,sengoku period assassin creed,ScreenRant,1
6509,sengoku period assassin creed,XboxAchievements,1
6510,assassin creed shadow introduces,ScreenRant,1
6511,assassin creed shadow introduces,XboxAchievements,1
6512,assassin creed shadow find,ScreenRant,1
6513,assassin creed shadow find,Siliconera,1
6514,assassin creed shadow find,Stevivor,1
6515,sengoku period assassin creed shadow,ScreenRant,1
6516,sengoku period assassin creed shadow,XboxAchievements,1
6517,japan worth wait,Shacknews,1
6518,japan worth wait,TrueAchievments,1
6519,japan something fan,Shacknews,1
6520,japan something fan,wccftech,1
6521,32 gb ram,Shacknews,1
6522,32 gb ram,wccftech,1
6523,pet cat dog,Shacknews,1
6524,pet cat dog,The Guardian,1
6525,pet cat dog,TheXboxHub,1
6526,find lot love,Shacknews,1
6527,find lot love,TheXboxHub,1
6528,naoe yasuke compel,Shacknews,1
6529,naoe yasuke compel,Well Played,1
6530,style allow take,Shacknews,1
6531,style allow take,wccftech,1
6532,ubisoft open world formula,Shacknews,1
6533,ubisoft open world formula,Windows Central,1
6534,image via ubisoft,Siliconera,4
6535,image via ubisoft,TheEscapist,4
6536,ever see game,Siliconera,1
6537,ever see game,TheXboxHub,1
6538,creed shadow long,Siliconera,1
6539,creed shadow long,TheEscapist,1
6540,creed shadow long,TheSixthAxis,1
6541,creed shadow long,Windows Central,1
6542,creed shadow go,Siliconera,1
6543,creed shadow go,Twinfinite,1
6544,like parry dodge,Siliconera,1
6545,like parry dodge,Softpedia,1
6546,entry series date,Siliconera,1
6547,entry series date,wccftech,1
6548,entry series date,Worthplaying PC,1
6549,creed shadow undoubtedly,Siliconera,1
6550,creed shadow undoubtedly,wccftech,1
6551,switch naoe yasuke,Siliconera,1
6552,switch naoe yasuke,wccftech,1
6553,assassin creed shadow long,Siliconera,1
6554,assassin creed shadow long,TheEscapist,1
6555,assassin creed shadow long,TheSixthAxis,1
6556,assassin creed shadow long,Windows Central,1
6557,assassin creed shadow go,Siliconera,1
6558,assassin creed shadow go,Twinfinite,1
6559,assassin creed shadow undoubtedly,Siliconera,1
6560,assassin creed shadow undoubtedly,wccftech,1
6561,want assassin creed game set,Siliconera,1
6562,want assassin creed game set,TheSixthAxis,1
6563,shadow review feudal,slant,1
6564,shadow review feudal,TheGamer,1
6565,shadow review feudal,TrueAchievments,1
6566,yasuke black samurai,slant,1
6567,yasuke black samurai,Softpedia,1
6568,high up vantage,slant,1
6569,high up vantage,TheSixthAxis,1
6570,up vantage point,slant,1
6571,up vantage point,TheSixthAxis,1
6572,power fantasy game,slant,1
6573,power fantasy game,VideoGamer,1
6574,creed shadow review feudal,slant,1
6575,creed shadow review feudal,TheGamer,1
6576,creed shadow review feudal,TrueAchievments,1
6577,high up vantage point,slant,1
6578,high up vantage point,TheSixthAxis,1
6579,assassin creed shadow review feudal,slant,1
6580,assassin creed shadow review feudal,TheGamer,1
6581,assassin creed shadow review feudal,TrueAchievments,1
6582,character assassin creed,Softpedia,1
6583,character assassin creed,TrueAchievments,1
6584,spend dozen hour,Softpedia,1
6585,spend dozen hour,TechRadar,1
6586,hour game naoe,Softpedia,1
6587,hour game naoe,wccftech,1
6588,time naoe yasuke,Softpedia,1
6589,time naoe yasuke,Twinfinite,1
6590,stealth assassination mechanic,Softpedia,1
6591,stealth assassination mechanic,TrueAchievments,1
6592,want spoil anything,Softpedia,1
6593,want spoil anything,ZTGD,1
6594,creed shadow definitely,Softpedia,1
6595,creed shadow definitely,Twinfinite,1
6596,make game worth,Softpedia,1
6597,make game worth,wccftech,1
6598,game assassin creed series,Softpedia,1
6599,game assassin creed series,The Verge,1
6600,assassin creed shadow definitely,Softpedia,1
6601,assassin creed shadow definitely,Twinfinite,1
6602,developer ubisoft quebec,Stevivor,1
6603,developer ubisoft quebec,TechRadar,1
6604,developer ubisoft quebec,TheEscapist,1
6605,developer ubisoft quebec,XboxAchievements,1
6606,play ps5 pro,Stevivor,1
6607,play ps5 pro,VG247,1
6608,30 frames per,Stevivor,1
6609,30 frames per,Windows Central,1
6610,favourite assassin creed,Stevivor,1
6611,favourite assassin creed,TheSixthAxis,1
6612,favourite assassin creed,VG247,1
6613,enjoy assassin creed,Stevivor,1
6614,enjoy assassin creed,VGC,1
6615,30 frames per second,Stevivor,1
6616,30 frames per second,Windows Central,1
6617,enjoy assassin creed shadow,Stevivor,1
6618,enjoy assassin creed shadow,VGC,1
6619,excellent new entry,TechRadar,1
6620,excellent new entry,TheEscapist,1
6621,feudal japan 16th,TechRadar,1
6622,feudal japan 16th,TheXboxHub,1
6623,want open world,TechRadar,2
6624,want open world,TheXboxHub,1
6625,dual protagonist setup,TechRadar,2
6626,dual protagonist setup,wccftech,1
6627,dual protagonist setup,Well Played,2
6628,creed game another,TechRadar,1
6629,creed game another,Twinfinite,1
6630,available assassin creed,TechRadar,1
6631,available assassin creed,wccftech,1
6632,40 frames per,TechRadar,1
6633,40 frames per,Windows Central,1
6634,feudal japan 16th century,TechRadar,1
6635,feudal japan 16th century,TheXboxHub,1
6636,big assassin creed game,TechRadar,1
6637,big assassin creed game,VG247,1
6638,assassin creed game another,TechRadar,1
6639,assassin creed game another,Twinfinite,1
6640,want open world game,TechRadar,1
6641,want open world game,TheXboxHub,1
6642,available assassin creed shadow,TechRadar,1
6643,available assassin creed shadow,wccftech,1
6644,40 frames per second,TechRadar,1
6645,40 frames per second,Windows Central,1
6646,spring sakura bloom,The Guardian,1
6647,spring sakura bloom,XboxAchievements,1
6648,stealthy approach make,The Guardian,1
6649,stealthy approach make,Twinfinite,1
6650,hour game focus,The Verge,1
6651,hour game focus,Worthplaying PC,1
6652,like open world,The Verge,1
6653,like open world,VG247,1
6654,like open world game,The Verge,1
6655,like open world game,VG247,1
6656,ubisoft flagship franchise,TheEscapist,1
6657,ubisoft flagship franchise,Twinfinite,1
6658,ubisoft best game,TheEscapist,1
6659,ubisoft best game,TheSixthAxis,1
6660,feudal japan finally,TheEscapist,1
6661,feudal japan finally,TheSixthAxis,1
6662,assassin creed era,TheEscapist,1
6663,assassin creed era,VG247,1
6664,one ubisoft best,TheEscapist,1
6665,one ubisoft best,Windows Central,1
6666,assassinate hidden blade,TheEscapist,1
6667,assassinate hidden blade,TheGamer,1
6668,earn knowledge point,TheEscapist,2
6669,earn knowledge point,TrueAchievments,1
6670,earn knowledge point,Well Played,1
6671,single player game,TheEscapist,1
6672,single player game,Windows Central,1
6673,modern day story,TheEscapist,1
6674,modern day story,TheGamer,1
6675,modern day story,wccftech,1
6676,open world shadow,TheEscapist,1
6677,open world shadow,VGC,1
6678,give assassin creed,TheGamer,1
6679,give assassin creed,Windows Central,1
6680,make or break,TheGamer,1
6681,make or break,VGC,1
6682,expectation assassin creed,TheGamer,1
6683,expectation assassin creed,Worthplaying PC,1
6684,16th century feudal,TheGamer,1
6685,16th century feudal,Windows Central,1
6686,century feudal japan,TheGamer,1
6687,century feudal japan,Windows Central,1
6688,crowd enemy naoe,TheGamer,1
6689,crowd enemy naoe,TrueAchievments,1
6690,skill keep action,TheGamer,1
6691,skill keep action,Windows Central,1
6692,grapple hook allow,TheGamer,1
6693,grapple hook allow,Windows Central,1
6694,creed shadow mostly,TheGamer,1
6695,creed shadow mostly,Well Played,1
6696,thing actually feel,TheGamer,1
6697,thing actually feel,VG247,1
6698,expectation assassin creed shadow,TheGamer,1
6699,expectation assassin creed shadow,Worthplaying PC,1
6700,16th century feudal japan,TheGamer,1
6701,16th century feudal japan,Windows Central,1
6702,assassin creed shadow mostly,TheGamer,1
6703,assassin creed shadow mostly,Well Played,1
6704,long time come,TheSixthAxis,1
6705,long time come,Windows Central,1
6706,last minute delay,TheSixthAxis,1
6707,last minute delay,wgtc,1
6708,naoe quest vengeance,TheSixthAxis,1
6709,naoe quest vengeance,wccftech,1
6710,assassin creed history,TheSixthAxis,1
6711,assassin creed history,VGC,1
6712,open world explore,TheSixthAxis,1
6713,open world explore,wgtc,1
6714,protagonist assassin creed history,TheSixthAxis,1
6715,protagonist assassin creed history,VGC,1
6716,use katanas bow,TheXboxHub,1
6717,use katanas bow,ZTGD,1
6718,play yasuke first,TrueAchievments,1
6719,play yasuke first,Worthplaying PC,1
6720,amount knowledge point,TrueAchievments,1
6721,amount knowledge point,wccftech,1
6722,scout smuggle back,TrueAchievments,1
6723,scout smuggle back,VideoGamer,1
6724,like ac game,TrueAchievments,1
6725,like ac game,Twinfinite,1
6726,canon mode make,TrueAchievments,1
6727,canon mode make,wccftech,1
6728,canon mode make,XboxEra,1
6729,find lose page,Twinfinite,1
6730,find lose page,Worthplaying,1
6731,unlock fast travel,Twinfinite,1
6732,unlock fast travel,XboxEra,1
6733,black flag shadow,Twinfinite,1
6734,black flag shadow,VG247,1
6735,history assassin creed,VG247,1
6736,history assassin creed,XboxAchievements,1
6737,also feel like,VG247,1
6738,also feel like,wgtc,1
6739,feel like something,VG247,1
6740,feel like something,Worthplaying PC,2
6741,shadow best entry,VGC,1
6742,shadow best entry,XboxEra,1
6743,follow naoe yasuke,VGC,1
6744,follow naoe yasuke,XboxEra,1
6745,one beautiful game,VGC,1
6746,one beautiful game,wgtc,1
6747,year assassin creed shadow,VGC,1
6748,year assassin creed shadow,wccftech,1
6749,creed shadow best entry,VGC,1
6750,creed shadow best entry,XboxEra,1
6751,shadow best entry series,VGC,1
6752,shadow best entry series,XboxEra,1
6753,assassin creed shadow best entry,VGC,1
6754,assassin creed shadow best entry,XboxEra,1
6755,creed shadow best entry series,VGC,1
6756,creed shadow best entry series,XboxEra,1
6757,interpretation feudal japan,VideoGamer,1
6758,interpretation feudal japan,Worthplaying PC,1
6759,main story quest,VideoGamer,1
6760,main story quest,wccftech,1
6761,expand upgrade hideout,VideoGamer,1
6762,expand upgrade hideout,Worthplaying PC,1
6763,mode make story,wccftech,1
6764,mode make story,XboxEra,1
6765,map assassin creed,wccftech,1
6766,map assassin creed,XboxEra,1
6767,creed shadow get,wccftech,1
6768,creed shadow get,Windows Central,1
6769,ever see video,wccftech,1
6770,ever see video,Windows Central,1
6771,see video game,wccftech,1
6772,see video game,Windows Central,1
6773,best see game,wccftech,1
6774,best see game,ZTGD,1
6775,canon mode make story,wccftech,1
6776,canon mode make story,XboxEra,1
6777,assassin creed shadow get,wccftech,1
6778,assassin creed shadow get,Windows Central,1
6779,ever see video game,wccftech,1
6780,ever see video game,Windows Central,1
6781,play way want,Well Played,1
6782,play way want,XboxEra,1
6783,day one patch,Well Played,1
6784,day one patch,ZTGD,1
6785,shadow feel like assassin,Well Played,1
6786,shadow feel like assassin,wgtc,1
6787,shadow feel like assassin creed,Well Played,1
6788,shadow feel like assassin creed,wgtc,1
6789,use great effect,Worthplaying PC,1
6790,use great effect,Worthplaying,1
